time_sec,timestamp,origin,destination,gtu_type,demand_veh_h
0,2025-10-27 00:00:00,N1_1,N5_3,CAR,168.0
0,2025-10-27 00:00:00,N1_1,N5_3,TRUCK,48.0
0,2025-10-27 00:00:00,N1_1,R6_8,CAR,0.0
0,2025-10-27 00:00:00,N1_1,R6_8,TRUCK,12.0
0,2025-10-27 00:00:00,R7_1,N5_3,CAR,0.0
0,2025-10-27 00:00:00,R7_1,N5_3,TRUCK,0.0
300,2025-10-27 00:05:00,N1_1,N5_3,CAR,156.0
300,2025-10-27 00:05:00,N1_1,N5_3,TRUCK,60.0
300,2025-10-27 00:05:00,N1_1,R6_8,CAR,0.0
300,2025-10-27 00:05:00,N1_1,R6_8,TRUCK,0.0
300,2025-10-27 00:05:00,R7_1,N5_3,CAR,84.0
300,2025-10-27 00:05:00,R7_1,N5_3,TRUCK,0.0
600,2025-10-27 00:10:00,N1_1,N5_3,CAR,192.0
600,2025-10-27 00:10:00,N1_1,N5_3,TRUCK,72.0
600,2025-10-27 00:10:00,N1_1,R6_8,CAR,24.0
600,2025-10-27 00:10:00,N1_1,R6_8,TRUCK,0.0
600,2025-10-27 00:10:00,R7_1,N5_3,CAR,12.0
600,2025-10-27 00:10:00,R7_1,N5_3,TRUCK,0.0
900,2025-10-27 00:15:00,N1_1,N5_3,CAR,60.0
900,2025-10-27 00:15:00,N1_1,N5_3,TRUCK,24.0
900,2025-10-27 00:15:00,N1_1,R6_8,CAR,12.0
900,2025-10-27 00:15:00,N1_1,R6_8,TRUCK,0.0
900,2025-10-27 00:15:00,R7_1,N5_3,CAR,12.0
900,2025-10-27 00:15:00,R7_1,N5_3,TRUCK,0.0
1200,2025-10-27 00:20:00,N1_1,N5_3,CAR,168.0
1200,2025-10-27 00:20:00,N1_1,N5_3,TRUCK,24.0
1200,2025-10-27 00:20:00,N1_1,R6_8,CAR,24.0
1200,2025-10-27 00:20:00,N1_1,R6_8,TRUCK,0.0
1200,2025-10-27 00:20:00,R7_1,N5_3,CAR,12.0
1200,2025-10-27 00:20:00,R7_1,N5_3,TRUCK,12.0
1500,2025-10-27 00:25:00,N1_1,N5_3,CAR,96.0
1500,2025-10-27 00:25:00,N1_1,N5_3,TRUCK,36.0
1500,2025-10-27 00:25:00,N1_1,R6_8,CAR,0.0
1500,2025-10-27 00:25:00,N1_1,R6_8,TRUCK,0.0
1500,2025-10-27 00:25:00,R7_1,N5_3,CAR,12.0
1500,2025-10-27 00:25:00,R7_1,N5_3,TRUCK,0.0
1800,2025-10-27 00:30:00,N1_1,N5_3,CAR,108.0
1800,2025-10-27 00:30:00,N1_1,N5_3,TRUCK,24.0
1800,2025-10-27 00:30:00,N1_1,R6_8,CAR,24.0
1800,2025-10-27 00:30:00,N1_1,R6_8,TRUCK,0.0
1800,2025-10-27 00:30:00,R7_1,N5_3,CAR,0.0
1800,2025-10-27 00:30:00,R7_1,N5_3,TRUCK,12.0
2100,2025-10-27 00:35:00,N1_1,N5_3,CAR,156.0
2100,2025-10-27 00:35:00,N1_1,N5_3,TRUCK,36.0
2100,2025-10-27 00:35:00,N1_1,R6_8,CAR,12.0
2100,2025-10-27 00:35:00,N1_1,R6_8,TRUCK,0.0
2100,2025-10-27 00:35:00,R7_1,N5_3,CAR,36.0
2100,2025-10-27 00:35:00,R7_1,N5_3,TRUCK,0.0
2400,2025-10-27 00:40:00,N1_1,N5_3,CAR,108.0
2400,2025-10-27 00:40:00,N1_1,N5_3,TRUCK,12.0
2400,2025-10-27 00:40:00,N1_1,R6_8,CAR,0.0
2400,2025-10-27 00:40:00,N1_1,R6_8,TRUCK,0.0
2400,2025-10-27 00:40:00,R7_1,N5_3,CAR,48.0
2400,2025-10-27 00:40:00,R7_1,N5_3,TRUCK,0.0
2700,2025-10-27 00:45:00,N1_1,N5_3,CAR,180.0
2700,2025-10-27 00:45:00,N1_1,N5_3,TRUCK,84.0
2700,2025-10-27 00:45:00,N1_1,R6_8,CAR,24.0
2700,2025-10-27 00:45:00,N1_1,R6_8,TRUCK,0.0
2700,2025-10-27 00:45:00,R7_1,N5_3,CAR,0.0
2700,2025-10-27 00:45:00,R7_1,N5_3,TRUCK,12.0
3000,2025-10-27 00:50:00,N1_1,N5_3,CAR,72.0
3000,2025-10-27 00:50:00,N1_1,N5_3,TRUCK,36.0
3000,2025-10-27 00:50:00,N1_1,R6_8,CAR,0.0
3000,2025-10-27 00:50:00,N1_1,R6_8,TRUCK,0.0
3000,2025-10-27 00:50:00,R7_1,N5_3,CAR,12.0
3000,2025-10-27 00:50:00,R7_1,N5_3,TRUCK,0.0
3300,2025-10-27 00:55:00,N1_1,N5_3,CAR,72.0
3300,2025-10-27 00:55:00,N1_1,N5_3,TRUCK,60.0
3300,2025-10-27 00:55:00,N1_1,R6_8,CAR,0.0
3300,2025-10-27 00:55:00,N1_1,R6_8,TRUCK,0.0
3300,2025-10-27 00:55:00,R7_1,N5_3,CAR,12.0
3300,2025-10-27 00:55:00,R7_1,N5_3,TRUCK,0.0
3600,2025-10-27 01:00:00,N1_1,N5_3,CAR,132.0
3600,2025-10-27 01:00:00,N1_1,N5_3,TRUCK,72.0
3600,2025-10-27 01:00:00,N1_1,R6_8,CAR,12.0
3600,2025-10-27 01:00:00,N1_1,R6_8,TRUCK,0.0
3600,2025-10-27 01:00:00,R7_1,N5_3,CAR,24.0
3600,2025-10-27 01:00:00,R7_1,N5_3,TRUCK,12.0
3900,2025-10-27 01:05:00,N1_1,N5_3,CAR,72.0
3900,2025-10-27 01:05:00,N1_1,N5_3,TRUCK,36.0
3900,2025-10-27 01:05:00,N1_1,R6_8,CAR,12.0
3900,2025-10-27 01:05:00,N1_1,R6_8,TRUCK,12.0
3900,2025-10-27 01:05:00,R7_1,N5_3,CAR,12.0
3900,2025-10-27 01:05:00,R7_1,N5_3,TRUCK,12.0
4200,2025-10-27 01:10:00,N1_1,N5_3,CAR,96.0
4200,2025-10-27 01:10:00,N1_1,N5_3,TRUCK,36.0
4200,2025-10-27 01:10:00,N1_1,R6_8,CAR,12.0
4200,2025-10-27 01:10:00,N1_1,R6_8,TRUCK,0.0
4200,2025-10-27 01:10:00,R7_1,N5_3,CAR,0.0
4200,2025-10-27 01:10:00,R7_1,N5_3,TRUCK,0.0
4500,2025-10-27 01:15:00,N1_1,N5_3,CAR,120.0
4500,2025-10-27 01:15:00,N1_1,N5_3,TRUCK,96.0
4500,2025-10-27 01:15:00,N1_1,R6_8,CAR,12.0
4500,2025-10-27 01:15:00,N1_1,R6_8,TRUCK,0.0
4500,2025-10-27 01:15:00,R7_1,N5_3,CAR,12.0
4500,2025-10-27 01:15:00,R7_1,N5_3,TRUCK,24.0
4800,2025-10-27 01:20:00,N1_1,N5_3,CAR,144.0
4800,2025-10-27 01:20:00,N1_1,N5_3,TRUCK,36.0
4800,2025-10-27 01:20:00,N1_1,R6_8,CAR,24.0
4800,2025-10-27 01:20:00,N1_1,R6_8,TRUCK,0.0
4800,2025-10-27 01:20:00,R7_1,N5_3,CAR,0.0
4800,2025-10-27 01:20:00,R7_1,N5_3,TRUCK,24.0
5100,2025-10-27 01:25:00,N1_1,N5_3,CAR,108.0
5100,2025-10-27 01:25:00,N1_1,N5_3,TRUCK,24.0
5100,2025-10-27 01:25:00,N1_1,R6_8,CAR,24.0
5100,2025-10-27 01:25:00,N1_1,R6_8,TRUCK,0.0
5100,2025-10-27 01:25:00,R7_1,N5_3,CAR,0.0
5100,2025-10-27 01:25:00,R7_1,N5_3,TRUCK,0.0
5400,2025-10-27 01:30:00,N1_1,N5_3,CAR,120.0
5400,2025-10-27 01:30:00,N1_1,N5_3,TRUCK,72.0
5400,2025-10-27 01:30:00,N1_1,R6_8,CAR,12.0
5400,2025-10-27 01:30:00,N1_1,R6_8,TRUCK,0.0
5400,2025-10-27 01:30:00,R7_1,N5_3,CAR,12.0
5400,2025-10-27 01:30:00,R7_1,N5_3,TRUCK,0.0
5700,2025-10-27 01:35:00,N1_1,N5_3,CAR,60.0
5700,2025-10-27 01:35:00,N1_1,N5_3,TRUCK,60.0
5700,2025-10-27 01:35:00,N1_1,R6_8,CAR,0.0
5700,2025-10-27 01:35:00,N1_1,R6_8,TRUCK,0.0
5700,2025-10-27 01:35:00,R7_1,N5_3,CAR,0.0
5700,2025-10-27 01:35:00,R7_1,N5_3,TRUCK,0.0
6000,2025-10-27 01:40:00,N1_1,N5_3,CAR,84.0
6000,2025-10-27 01:40:00,N1_1,N5_3,TRUCK,60.0
6000,2025-10-27 01:40:00,N1_1,R6_8,CAR,0.0
6000,2025-10-27 01:40:00,N1_1,R6_8,TRUCK,0.0
6000,2025-10-27 01:40:00,R7_1,N5_3,CAR,12.0
6000,2025-10-27 01:40:00,R7_1,N5_3,TRUCK,12.0
6300,2025-10-27 01:45:00,N1_1,N5_3,CAR,96.0
6300,2025-10-27 01:45:00,N1_1,N5_3,TRUCK,72.0
6300,2025-10-27 01:45:00,N1_1,R6_8,CAR,24.0
6300,2025-10-27 01:45:00,N1_1,R6_8,TRUCK,0.0
6300,2025-10-27 01:45:00,R7_1,N5_3,CAR,24.0
6300,2025-10-27 01:45:00,R7_1,N5_3,TRUCK,12.0
6600,2025-10-27 01:50:00,N1_1,N5_3,CAR,96.0
6600,2025-10-27 01:50:00,N1_1,N5_3,TRUCK,36.0
6600,2025-10-27 01:50:00,N1_1,R6_8,CAR,0.0
6600,2025-10-27 01:50:00,N1_1,R6_8,TRUCK,0.0
6600,2025-10-27 01:50:00,R7_1,N5_3,CAR,12.0
6600,2025-10-27 01:50:00,R7_1,N5_3,TRUCK,24.0
6900,2025-10-27 01:55:00,N1_1,N5_3,CAR,72.0
6900,2025-10-27 01:55:00,N1_1,N5_3,TRUCK,96.0
6900,2025-10-27 01:55:00,N1_1,R6_8,CAR,0.0
6900,2025-10-27 01:55:00,N1_1,R6_8,TRUCK,0.0
6900,2025-10-27 01:55:00,R7_1,N5_3,CAR,24.0
6900,2025-10-27 01:55:00,R7_1,N5_3,TRUCK,0.0
7200,2025-10-27 02:00:00,N1_1,N5_3,CAR,60.0
7200,2025-10-27 02:00:00,N1_1,N5_3,TRUCK,72.0
7200,2025-10-27 02:00:00,N1_1,R6_8,CAR,0.0
7200,2025-10-27 02:00:00,N1_1,R6_8,TRUCK,0.0
7200,2025-10-27 02:00:00,R7_1,N5_3,CAR,12.0
7200,2025-10-27 02:00:00,R7_1,N5_3,TRUCK,0.0
7500,2025-10-27 02:05:00,N1_1,N5_3,CAR,108.0
7500,2025-10-27 02:05:00,N1_1,N5_3,TRUCK,60.0
7500,2025-10-27 02:05:00,N1_1,R6_8,CAR,12.0
7500,2025-10-27 02:05:00,N1_1,R6_8,TRUCK,0.0
7500,2025-10-27 02:05:00,R7_1,N5_3,CAR,12.0
7500,2025-10-27 02:05:00,R7_1,N5_3,TRUCK,0.0
7800,2025-10-27 02:10:00,N1_1,N5_3,CAR,96.0
7800,2025-10-27 02:10:00,N1_1,N5_3,TRUCK,24.0
7800,2025-10-27 02:10:00,N1_1,R6_8,CAR,0.0
7800,2025-10-27 02:10:00,N1_1,R6_8,TRUCK,0.0
7800,2025-10-27 02:10:00,R7_1,N5_3,CAR,24.0
7800,2025-10-27 02:10:00,R7_1,N5_3,TRUCK,0.0
8100,2025-10-27 02:15:00,N1_1,N5_3,CAR,96.0
8100,2025-10-27 02:15:00,N1_1,N5_3,TRUCK,48.0
8100,2025-10-27 02:15:00,N1_1,R6_8,CAR,0.0
8100,2025-10-27 02:15:00,N1_1,R6_8,TRUCK,0.0
8100,2025-10-27 02:15:00,R7_1,N5_3,CAR,36.0
8100,2025-10-27 02:15:00,R7_1,N5_3,TRUCK,24.0
8400,2025-10-27 02:20:00,N1_1,N5_3,CAR,108.0
8400,2025-10-27 02:20:00,N1_1,N5_3,TRUCK,84.0
8400,2025-10-27 02:20:00,N1_1,R6_8,CAR,12.0
8400,2025-10-27 02:20:00,N1_1,R6_8,TRUCK,0.0
8400,2025-10-27 02:20:00,R7_1,N5_3,CAR,12.0
8400,2025-10-27 02:20:00,R7_1,N5_3,TRUCK,12.0
8700,2025-10-27 02:25:00,N1_1,N5_3,CAR,36.0
8700,2025-10-27 02:25:00,N1_1,N5_3,TRUCK,24.0
8700,2025-10-27 02:25:00,N1_1,R6_8,CAR,12.0
8700,2025-10-27 02:25:00,N1_1,R6_8,TRUCK,12.0
8700,2025-10-27 02:25:00,R7_1,N5_3,CAR,12.0
8700,2025-10-27 02:25:00,R7_1,N5_3,TRUCK,0.0
9000,2025-10-27 02:30:00,N1_1,N5_3,CAR,108.0
9000,2025-10-27 02:30:00,N1_1,N5_3,TRUCK,48.0
9000,2025-10-27 02:30:00,N1_1,R6_8,CAR,0.0
9000,2025-10-27 02:30:00,N1_1,R6_8,TRUCK,0.0
9000,2025-10-27 02:30:00,R7_1,N5_3,CAR,0.0
9000,2025-10-27 02:30:00,R7_1,N5_3,TRUCK,0.0
9300,2025-10-27 02:35:00,N1_1,N5_3,CAR,96.0
9300,2025-10-27 02:35:00,N1_1,N5_3,TRUCK,24.0
9300,2025-10-27 02:35:00,N1_1,R6_8,CAR,0.0
9300,2025-10-27 02:35:00,N1_1,R6_8,TRUCK,0.0
9300,2025-10-27 02:35:00,R7_1,N5_3,CAR,0.0
9300,2025-10-27 02:35:00,R7_1,N5_3,TRUCK,12.0
9600,2025-10-27 02:40:00,N1_1,N5_3,CAR,48.0
9600,2025-10-27 02:40:00,N1_1,N5_3,TRUCK,96.0
9600,2025-10-27 02:40:00,N1_1,R6_8,CAR,0.0
9600,2025-10-27 02:40:00,N1_1,R6_8,TRUCK,0.0
9600,2025-10-27 02:40:00,R7_1,N5_3,CAR,0.0
9600,2025-10-27 02:40:00,R7_1,N5_3,TRUCK,0.0
9900,2025-10-27 02:45:00,N1_1,N5_3,CAR,24.0
9900,2025-10-27 02:45:00,N1_1,N5_3,TRUCK,60.0
9900,2025-10-27 02:45:00,N1_1,R6_8,CAR,12.0
9900,2025-10-27 02:45:00,N1_1,R6_8,TRUCK,0.0
9900,2025-10-27 02:45:00,R7_1,N5_3,CAR,0.0
9900,2025-10-27 02:45:00,R7_1,N5_3,TRUCK,24.0
10200,2025-10-27 02:50:00,N1_1,N5_3,CAR,84.0
10200,2025-10-27 02:50:00,N1_1,N5_3,TRUCK,72.0
10200,2025-10-27 02:50:00,N1_1,R6_8,CAR,12.0
10200,2025-10-27 02:50:00,N1_1,R6_8,TRUCK,0.0
10200,2025-10-27 02:50:00,R7_1,N5_3,CAR,0.0
10200,2025-10-27 02:50:00,R7_1,N5_3,TRUCK,0.0
10500,2025-10-27 02:55:00,N1_1,N5_3,CAR,72.0
10500,2025-10-27 02:55:00,N1_1,N5_3,TRUCK,96.0
10500,2025-10-27 02:55:00,N1_1,R6_8,CAR,0.0
10500,2025-10-27 02:55:00,N1_1,R6_8,TRUCK,0.0
10500,2025-10-27 02:55:00,R7_1,N5_3,CAR,24.0
10500,2025-10-27 02:55:00,R7_1,N5_3,TRUCK,0.0
10800,2025-10-27 03:00:00,N1_1,N5_3,CAR,84.0
10800,2025-10-27 03:00:00,N1_1,N5_3,TRUCK,84.0
10800,2025-10-27 03:00:00,N1_1,R6_8,CAR,0.0
10800,2025-10-27 03:00:00,N1_1,R6_8,TRUCK,0.0
10800,2025-10-27 03:00:00,R7_1,N5_3,CAR,36.0
10800,2025-10-27 03:00:00,R7_1,N5_3,TRUCK,12.0
11100,2025-10-27 03:05:00,N1_1,N5_3,CAR,96.0
11100,2025-10-27 03:05:00,N1_1,N5_3,TRUCK,72.0
11100,2025-10-27 03:05:00,N1_1,R6_8,CAR,12.0
11100,2025-10-27 03:05:00,N1_1,R6_8,TRUCK,0.0
11100,2025-10-27 03:05:00,R7_1,N5_3,CAR,0.0
11100,2025-10-27 03:05:00,R7_1,N5_3,TRUCK,12.0
11400,2025-10-27 03:10:00,N1_1,N5_3,CAR,48.0
11400,2025-10-27 03:10:00,N1_1,N5_3,TRUCK,72.0
11400,2025-10-27 03:10:00,N1_1,R6_8,CAR,0.0
11400,2025-10-27 03:10:00,N1_1,R6_8,TRUCK,12.0
11400,2025-10-27 03:10:00,R7_1,N5_3,CAR,24.0
11400,2025-10-27 03:10:00,R7_1,N5_3,TRUCK,12.0
11700,2025-10-27 03:15:00,N1_1,N5_3,CAR,72.0
11700,2025-10-27 03:15:00,N1_1,N5_3,TRUCK,96.0
11700,2025-10-27 03:15:00,N1_1,R6_8,CAR,0.0
11700,2025-10-27 03:15:00,N1_1,R6_8,TRUCK,0.0
11700,2025-10-27 03:15:00,R7_1,N5_3,CAR,24.0
11700,2025-10-27 03:15:00,R7_1,N5_3,TRUCK,0.0
12000,2025-10-27 03:20:00,N1_1,N5_3,CAR,48.0
12000,2025-10-27 03:20:00,N1_1,N5_3,TRUCK,84.0
12000,2025-10-27 03:20:00,N1_1,R6_8,CAR,12.0
12000,2025-10-27 03:20:00,N1_1,R6_8,TRUCK,0.0
12000,2025-10-27 03:20:00,R7_1,N5_3,CAR,12.0
12000,2025-10-27 03:20:00,R7_1,N5_3,TRUCK,0.0
12300,2025-10-27 03:25:00,N1_1,N5_3,CAR,36.0
12300,2025-10-27 03:25:00,N1_1,N5_3,TRUCK,96.0
12300,2025-10-27 03:25:00,N1_1,R6_8,CAR,12.0
12300,2025-10-27 03:25:00,N1_1,R6_8,TRUCK,0.0
12300,2025-10-27 03:25:00,R7_1,N5_3,CAR,24.0
12300,2025-10-27 03:25:00,R7_1,N5_3,TRUCK,0.0
12600,2025-10-27 03:30:00,N1_1,N5_3,CAR,96.0
12600,2025-10-27 03:30:00,N1_1,N5_3,TRUCK,84.0
12600,2025-10-27 03:30:00,N1_1,R6_8,CAR,0.0
12600,2025-10-27 03:30:00,N1_1,R6_8,TRUCK,0.0
12600,2025-10-27 03:30:00,R7_1,N5_3,CAR,12.0
12600,2025-10-27 03:30:00,R7_1,N5_3,TRUCK,0.0
12900,2025-10-27 03:35:00,N1_1,N5_3,CAR,120.0
12900,2025-10-27 03:35:00,N1_1,N5_3,TRUCK,96.0
12900,2025-10-27 03:35:00,N1_1,R6_8,CAR,0.0
12900,2025-10-27 03:35:00,N1_1,R6_8,TRUCK,0.0
12900,2025-10-27 03:35:00,R7_1,N5_3,CAR,24.0
12900,2025-10-27 03:35:00,R7_1,N5_3,TRUCK,12.0
13200,2025-10-27 03:40:00,N1_1,N5_3,CAR,48.0
13200,2025-10-27 03:40:00,N1_1,N5_3,TRUCK,84.0
13200,2025-10-27 03:40:00,N1_1,R6_8,CAR,12.0
13200,2025-10-27 03:40:00,N1_1,R6_8,TRUCK,0.0
13200,2025-10-27 03:40:00,R7_1,N5_3,CAR,24.0
13200,2025-10-27 03:40:00,R7_1,N5_3,TRUCK,0.0
13500,2025-10-27 03:45:00,N1_1,N5_3,CAR,132.0
13500,2025-10-27 03:45:00,N1_1,N5_3,TRUCK,108.0
13500,2025-10-27 03:45:00,N1_1,R6_8,CAR,36.0
13500,2025-10-27 03:45:00,N1_1,R6_8,TRUCK,0.0
13500,2025-10-27 03:45:00,R7_1,N5_3,CAR,24.0
13500,2025-10-27 03:45:00,R7_1,N5_3,TRUCK,0.0
13800,2025-10-27 03:50:00,N1_1,N5_3,CAR,108.0
13800,2025-10-27 03:50:00,N1_1,N5_3,TRUCK,96.0
13800,2025-10-27 03:50:00,N1_1,R6_8,CAR,0.0
13800,2025-10-27 03:50:00,N1_1,R6_8,TRUCK,0.0
13800,2025-10-27 03:50:00,R7_1,N5_3,CAR,12.0
13800,2025-10-27 03:50:00,R7_1,N5_3,TRUCK,24.0
14100,2025-10-27 03:55:00,N1_1,N5_3,CAR,96.0
14100,2025-10-27 03:55:00,N1_1,N5_3,TRUCK,84.0
14100,2025-10-27 03:55:00,N1_1,R6_8,CAR,24.0
14100,2025-10-27 03:55:00,N1_1,R6_8,TRUCK,12.0
14100,2025-10-27 03:55:00,R7_1,N5_3,CAR,24.0
14100,2025-10-27 03:55:00,R7_1,N5_3,TRUCK,24.0
14400,2025-10-27 04:00:00,N1_1,N5_3,CAR,60.0
14400,2025-10-27 04:00:00,N1_1,N5_3,TRUCK,84.0
14400,2025-10-27 04:00:00,N1_1,R6_8,CAR,0.0
14400,2025-10-27 04:00:00,N1_1,R6_8,TRUCK,12.0
14400,2025-10-27 04:00:00,R7_1,N5_3,CAR,24.0
14400,2025-10-27 04:00:00,R7_1,N5_3,TRUCK,0.0
14700,2025-10-27 04:05:00,N1_1,N5_3,CAR,96.0
14700,2025-10-27 04:05:00,N1_1,N5_3,TRUCK,96.0
14700,2025-10-27 04:05:00,N1_1,R6_8,CAR,0.0
14700,2025-10-27 04:05:00,N1_1,R6_8,TRUCK,0.0
14700,2025-10-27 04:05:00,R7_1,N5_3,CAR,36.0
14700,2025-10-27 04:05:00,R7_1,N5_3,TRUCK,12.0
15000,2025-10-27 04:10:00,N1_1,N5_3,CAR,108.0
15000,2025-10-27 04:10:00,N1_1,N5_3,TRUCK,84.0
15000,2025-10-27 04:10:00,N1_1,R6_8,CAR,36.0
15000,2025-10-27 04:10:00,N1_1,R6_8,TRUCK,0.0
15000,2025-10-27 04:10:00,R7_1,N5_3,CAR,24.0
15000,2025-10-27 04:10:00,R7_1,N5_3,TRUCK,0.0
15300,2025-10-27 04:15:00,N1_1,N5_3,CAR,144.0
15300,2025-10-27 04:15:00,N1_1,N5_3,TRUCK,132.0
15300,2025-10-27 04:15:00,N1_1,R6_8,CAR,12.0
15300,2025-10-27 04:15:00,N1_1,R6_8,TRUCK,0.0
15300,2025-10-27 04:15:00,R7_1,N5_3,CAR,48.0
15300,2025-10-27 04:15:00,R7_1,N5_3,TRUCK,24.0
15600,2025-10-27 04:20:00,N1_1,N5_3,CAR,132.0
15600,2025-10-27 04:20:00,N1_1,N5_3,TRUCK,168.0
15600,2025-10-27 04:20:00,N1_1,R6_8,CAR,12.0
15600,2025-10-27 04:20:00,N1_1,R6_8,TRUCK,0.0
15600,2025-10-27 04:20:00,R7_1,N5_3,CAR,60.0
15600,2025-10-27 04:20:00,R7_1,N5_3,TRUCK,0.0
15900,2025-10-27 04:25:00,N1_1,N5_3,CAR,168.0
15900,2025-10-27 04:25:00,N1_1,N5_3,TRUCK,108.0
15900,2025-10-27 04:25:00,N1_1,R6_8,CAR,0.0
15900,2025-10-27 04:25:00,N1_1,R6_8,TRUCK,0.0
15900,2025-10-27 04:25:00,R7_1,N5_3,CAR,0.0
15900,2025-10-27 04:25:00,R7_1,N5_3,TRUCK,12.0
16200,2025-10-27 04:30:00,N1_1,N5_3,CAR,120.0
16200,2025-10-27 04:30:00,N1_1,N5_3,TRUCK,144.0
16200,2025-10-27 04:30:00,N1_1,R6_8,CAR,48.0
16200,2025-10-27 04:30:00,N1_1,R6_8,TRUCK,0.0
16200,2025-10-27 04:30:00,R7_1,N5_3,CAR,24.0
16200,2025-10-27 04:30:00,R7_1,N5_3,TRUCK,24.0
16500,2025-10-27 04:35:00,N1_1,N5_3,CAR,84.0
16500,2025-10-27 04:35:00,N1_1,N5_3,TRUCK,156.0
16500,2025-10-27 04:35:00,N1_1,R6_8,CAR,12.0
16500,2025-10-27 04:35:00,N1_1,R6_8,TRUCK,0.0
16500,2025-10-27 04:35:00,R7_1,N5_3,CAR,60.0
16500,2025-10-27 04:35:00,R7_1,N5_3,TRUCK,0.0
16800,2025-10-27 04:40:00,N1_1,N5_3,CAR,300.0
16800,2025-10-27 04:40:00,N1_1,N5_3,TRUCK,108.0
16800,2025-10-27 04:40:00,N1_1,R6_8,CAR,36.0
16800,2025-10-27 04:40:00,N1_1,R6_8,TRUCK,0.0
16800,2025-10-27 04:40:00,R7_1,N5_3,CAR,84.0
16800,2025-10-27 04:40:00,R7_1,N5_3,TRUCK,12.0
17100,2025-10-27 04:45:00,N1_1,N5_3,CAR,180.0
17100,2025-10-27 04:45:00,N1_1,N5_3,TRUCK,96.0
17100,2025-10-27 04:45:00,N1_1,R6_8,CAR,24.0
17100,2025-10-27 04:45:00,N1_1,R6_8,TRUCK,12.0
17100,2025-10-27 04:45:00,R7_1,N5_3,CAR,36.0
17100,2025-10-27 04:45:00,R7_1,N5_3,TRUCK,12.0
17400,2025-10-27 04:50:00,N1_1,N5_3,CAR,228.0
17400,2025-10-27 04:50:00,N1_1,N5_3,TRUCK,180.0
17400,2025-10-27 04:50:00,N1_1,R6_8,CAR,36.0
17400,2025-10-27 04:50:00,N1_1,R6_8,TRUCK,0.0
17400,2025-10-27 04:50:00,R7_1,N5_3,CAR,60.0
17400,2025-10-27 04:50:00,R7_1,N5_3,TRUCK,0.0
17700,2025-10-27 04:55:00,N1_1,N5_3,CAR,156.0
17700,2025-10-27 04:55:00,N1_1,N5_3,TRUCK,108.0
17700,2025-10-27 04:55:00,N1_1,R6_8,CAR,48.0
17700,2025-10-27 04:55:00,N1_1,R6_8,TRUCK,12.0
17700,2025-10-27 04:55:00,R7_1,N5_3,CAR,60.0
17700,2025-10-27 04:55:00,R7_1,N5_3,TRUCK,48.0
18000,2025-10-27 05:00:00,N1_1,N5_3,CAR,108.0
18000,2025-10-27 05:00:00,N1_1,N5_3,TRUCK,204.0
18000,2025-10-27 05:00:00,N1_1,R6_8,CAR,24.0
18000,2025-10-27 05:00:00,N1_1,R6_8,TRUCK,0.0
18000,2025-10-27 05:00:00,R7_1,N5_3,CAR,120.0
18000,2025-10-27 05:00:00,R7_1,N5_3,TRUCK,36.0
18300,2025-10-27 05:05:00,N1_1,N5_3,CAR,228.0
18300,2025-10-27 05:05:00,N1_1,N5_3,TRUCK,108.0
18300,2025-10-27 05:05:00,N1_1,R6_8,CAR,72.0
18300,2025-10-27 05:05:00,N1_1,R6_8,TRUCK,0.0
18300,2025-10-27 05:05:00,R7_1,N5_3,CAR,156.0
18300,2025-10-27 05:05:00,R7_1,N5_3,TRUCK,24.0
18600,2025-10-27 05:10:00,N1_1,N5_3,CAR,372.0
18600,2025-10-27 05:10:00,N1_1,N5_3,TRUCK,108.0
18600,2025-10-27 05:10:00,N1_1,R6_8,CAR,84.0
18600,2025-10-27 05:10:00,N1_1,R6_8,TRUCK,0.0
18600,2025-10-27 05:10:00,R7_1,N5_3,CAR,108.0
18600,2025-10-27 05:10:00,R7_1,N5_3,TRUCK,36.0
18900,2025-10-27 05:15:00,N1_1,N5_3,CAR,264.0
18900,2025-10-27 05:15:00,N1_1,N5_3,TRUCK,84.0
18900,2025-10-27 05:15:00,N1_1,R6_8,CAR,48.0
18900,2025-10-27 05:15:00,N1_1,R6_8,TRUCK,0.0
18900,2025-10-27 05:15:00,R7_1,N5_3,CAR,120.0
18900,2025-10-27 05:15:00,R7_1,N5_3,TRUCK,12.0
19200,2025-10-27 05:20:00,N1_1,N5_3,CAR,360.0
19200,2025-10-27 05:20:00,N1_1,N5_3,TRUCK,180.0
19200,2025-10-27 05:20:00,N1_1,R6_8,CAR,24.0
19200,2025-10-27 05:20:00,N1_1,R6_8,TRUCK,0.0
19200,2025-10-27 05:20:00,R7_1,N5_3,CAR,168.0
19200,2025-10-27 05:20:00,R7_1,N5_3,TRUCK,24.0
19500,2025-10-27 05:25:00,N1_1,N5_3,CAR,324.0
19500,2025-10-27 05:25:00,N1_1,N5_3,TRUCK,84.0
19500,2025-10-27 05:25:00,N1_1,R6_8,CAR,72.0
19500,2025-10-27 05:25:00,N1_1,R6_8,TRUCK,0.0
19500,2025-10-27 05:25:00,R7_1,N5_3,CAR,144.0
19500,2025-10-27 05:25:00,R7_1,N5_3,TRUCK,60.0
19800,2025-10-27 05:30:00,N1_1,N5_3,CAR,540.0
19800,2025-10-27 05:30:00,N1_1,N5_3,TRUCK,144.0
19800,2025-10-27 05:30:00,N1_1,R6_8,CAR,48.0
19800,2025-10-27 05:30:00,N1_1,R6_8,TRUCK,12.0
19800,2025-10-27 05:30:00,R7_1,N5_3,CAR,156.0
19800,2025-10-27 05:30:00,R7_1,N5_3,TRUCK,24.0
20100,2025-10-27 05:35:00,N1_1,N5_3,CAR,432.0
20100,2025-10-27 05:35:00,N1_1,N5_3,TRUCK,120.0
20100,2025-10-27 05:35:00,N1_1,R6_8,CAR,72.0
20100,2025-10-27 05:35:00,N1_1,R6_8,TRUCK,12.0
20100,2025-10-27 05:35:00,R7_1,N5_3,CAR,192.0
20100,2025-10-27 05:35:00,R7_1,N5_3,TRUCK,24.0
20400,2025-10-27 05:40:00,N1_1,N5_3,CAR,528.0
20400,2025-10-27 05:40:00,N1_1,N5_3,TRUCK,192.0
20400,2025-10-27 05:40:00,N1_1,R6_8,CAR,168.0
20400,2025-10-27 05:40:00,N1_1,R6_8,TRUCK,0.0
20400,2025-10-27 05:40:00,R7_1,N5_3,CAR,216.0
20400,2025-10-27 05:40:00,R7_1,N5_3,TRUCK,48.0
20700,2025-10-27 05:45:00,N1_1,N5_3,CAR,444.0
20700,2025-10-27 05:45:00,N1_1,N5_3,TRUCK,120.0
20700,2025-10-27 05:45:00,N1_1,R6_8,CAR,96.0
20700,2025-10-27 05:45:00,N1_1,R6_8,TRUCK,0.0
20700,2025-10-27 05:45:00,R7_1,N5_3,CAR,192.0
20700,2025-10-27 05:45:00,R7_1,N5_3,TRUCK,12.0
21000,2025-10-27 05:50:00,N1_1,N5_3,CAR,564.0
21000,2025-10-27 05:50:00,N1_1,N5_3,TRUCK,240.0
21000,2025-10-27 05:50:00,N1_1,R6_8,CAR,108.0
21000,2025-10-27 05:50:00,N1_1,R6_8,TRUCK,0.0
21000,2025-10-27 05:50:00,R7_1,N5_3,CAR,156.0
21000,2025-10-27 05:50:00,R7_1,N5_3,TRUCK,24.0
21300,2025-10-27 05:55:00,N1_1,N5_3,CAR,468.0
21300,2025-10-27 05:55:00,N1_1,N5_3,TRUCK,72.0
21300,2025-10-27 05:55:00,N1_1,R6_8,CAR,72.0
21300,2025-10-27 05:55:00,N1_1,R6_8,TRUCK,0.0
21300,2025-10-27 05:55:00,R7_1,N5_3,CAR,204.0
21300,2025-10-27 05:55:00,R7_1,N5_3,TRUCK,0.0
21600,2025-10-27 06:00:00,N1_1,N5_3,CAR,564.0
21600,2025-10-27 06:00:00,N1_1,N5_3,TRUCK,216.0
21600,2025-10-27 06:00:00,N1_1,R6_8,CAR,60.0
21600,2025-10-27 06:00:00,N1_1,R6_8,TRUCK,0.0
21600,2025-10-27 06:00:00,R7_1,N5_3,CAR,276.0
21600,2025-10-27 06:00:00,R7_1,N5_3,TRUCK,24.0
21900,2025-10-27 06:05:00,N1_1,N5_3,CAR,552.0
21900,2025-10-27 06:05:00,N1_1,N5_3,TRUCK,204.0
21900,2025-10-27 06:05:00,N1_1,R6_8,CAR,156.0
21900,2025-10-27 06:05:00,N1_1,R6_8,TRUCK,12.0
21900,2025-10-27 06:05:00,R7_1,N5_3,CAR,264.0
21900,2025-10-27 06:05:00,R7_1,N5_3,TRUCK,12.0
22200,2025-10-27 06:10:00,N1_1,N5_3,CAR,552.0
22200,2025-10-27 06:10:00,N1_1,N5_3,TRUCK,300.0
22200,2025-10-27 06:10:00,N1_1,R6_8,CAR,120.0
22200,2025-10-27 06:10:00,N1_1,R6_8,TRUCK,12.0
22200,2025-10-27 06:10:00,R7_1,N5_3,CAR,276.0
22200,2025-10-27 06:10:00,R7_1,N5_3,TRUCK,60.0
22500,2025-10-27 06:15:00,N1_1,N5_3,CAR,864.0
22500,2025-10-27 06:15:00,N1_1,N5_3,TRUCK,216.0
22500,2025-10-27 06:15:00,N1_1,R6_8,CAR,144.0
22500,2025-10-27 06:15:00,N1_1,R6_8,TRUCK,12.0
22500,2025-10-27 06:15:00,R7_1,N5_3,CAR,348.0
22500,2025-10-27 06:15:00,R7_1,N5_3,TRUCK,24.0
22800,2025-10-27 06:20:00,N1_1,N5_3,CAR,744.0
22800,2025-10-27 06:20:00,N1_1,N5_3,TRUCK,120.0
22800,2025-10-27 06:20:00,N1_1,R6_8,CAR,192.0
22800,2025-10-27 06:20:00,N1_1,R6_8,TRUCK,0.0
22800,2025-10-27 06:20:00,R7_1,N5_3,CAR,360.0
22800,2025-10-27 06:20:00,R7_1,N5_3,TRUCK,72.0
23100,2025-10-27 06:25:00,N1_1,N5_3,CAR,660.0
23100,2025-10-27 06:25:00,N1_1,N5_3,TRUCK,372.0
23100,2025-10-27 06:25:00,N1_1,R6_8,CAR,264.0
23100,2025-10-27 06:25:00,N1_1,R6_8,TRUCK,24.0
23100,2025-10-27 06:25:00,R7_1,N5_3,CAR,432.0
23100,2025-10-27 06:25:00,R7_1,N5_3,TRUCK,12.0
23400,2025-10-27 06:30:00,N1_1,N5_3,CAR,816.0
23400,2025-10-27 06:30:00,N1_1,N5_3,TRUCK,132.0
23400,2025-10-27 06:30:00,N1_1,R6_8,CAR,216.0
23400,2025-10-27 06:30:00,N1_1,R6_8,TRUCK,24.0
23400,2025-10-27 06:30:00,R7_1,N5_3,CAR,384.0
23400,2025-10-27 06:30:00,R7_1,N5_3,TRUCK,24.0
23700,2025-10-27 06:35:00,N1_1,N5_3,CAR,876.0
23700,2025-10-27 06:35:00,N1_1,N5_3,TRUCK,252.0
23700,2025-10-27 06:35:00,N1_1,R6_8,CAR,360.0
23700,2025-10-27 06:35:00,N1_1,R6_8,TRUCK,12.0
23700,2025-10-27 06:35:00,R7_1,N5_3,CAR,516.0
23700,2025-10-27 06:35:00,R7_1,N5_3,TRUCK,24.0
24000,2025-10-27 06:40:00,N1_1,N5_3,CAR,1248.0
24000,2025-10-27 06:40:00,N1_1,N5_3,TRUCK,216.0
24000,2025-10-27 06:40:00,N1_1,R6_8,CAR,360.0
24000,2025-10-27 06:40:00,N1_1,R6_8,TRUCK,0.0
24000,2025-10-27 06:40:00,R7_1,N5_3,CAR,516.0
24000,2025-10-27 06:40:00,R7_1,N5_3,TRUCK,12.0
24300,2025-10-27 06:45:00,N1_1,N5_3,CAR,1164.0
24300,2025-10-27 06:45:00,N1_1,N5_3,TRUCK,144.0
24300,2025-10-27 06:45:00,N1_1,R6_8,CAR,312.0
24300,2025-10-27 06:45:00,N1_1,R6_8,TRUCK,0.0
24300,2025-10-27 06:45:00,R7_1,N5_3,CAR,540.0
24300,2025-10-27 06:45:00,R7_1,N5_3,TRUCK,24.0
24600,2025-10-27 06:50:00,N1_1,N5_3,CAR,1008.0
24600,2025-10-27 06:50:00,N1_1,N5_3,TRUCK,192.0
24600,2025-10-27 06:50:00,N1_1,R6_8,CAR,276.0
24600,2025-10-27 06:50:00,N1_1,R6_8,TRUCK,0.0
24600,2025-10-27 06:50:00,R7_1,N5_3,CAR,384.0
24600,2025-10-27 06:50:00,R7_1,N5_3,TRUCK,0.0
24900,2025-10-27 06:55:00,N1_1,N5_3,CAR,1044.0
24900,2025-10-27 06:55:00,N1_1,N5_3,TRUCK,240.0
24900,2025-10-27 06:55:00,N1_1,R6_8,CAR,360.0
24900,2025-10-27 06:55:00,N1_1,R6_8,TRUCK,12.0
24900,2025-10-27 06:55:00,R7_1,N5_3,CAR,252.0
24900,2025-10-27 06:55:00,R7_1,N5_3,TRUCK,24.0
25200,2025-10-27 07:00:00,N1_1,N5_3,CAR,1224.0
25200,2025-10-27 07:00:00,N1_1,N5_3,TRUCK,240.0
25200,2025-10-27 07:00:00,N1_1,R6_8,CAR,420.0
25200,2025-10-27 07:00:00,N1_1,R6_8,TRUCK,36.0
25200,2025-10-27 07:00:00,R7_1,N5_3,CAR,480.0
25200,2025-10-27 07:00:00,R7_1,N5_3,TRUCK,48.0
25500,2025-10-27 07:05:00,N1_1,N5_3,CAR,1212.0
25500,2025-10-27 07:05:00,N1_1,N5_3,TRUCK,240.0
25500,2025-10-27 07:05:00,N1_1,R6_8,CAR,384.0
25500,2025-10-27 07:05:00,N1_1,R6_8,TRUCK,12.0
25500,2025-10-27 07:05:00,R7_1,N5_3,CAR,504.0
25500,2025-10-27 07:05:00,R7_1,N5_3,TRUCK,48.0
25800,2025-10-27 07:10:00,N1_1,N5_3,CAR,1188.0
25800,2025-10-27 07:10:00,N1_1,N5_3,TRUCK,216.0
25800,2025-10-27 07:10:00,N1_1,R6_8,CAR,312.0
25800,2025-10-27 07:10:00,N1_1,R6_8,TRUCK,12.0
25800,2025-10-27 07:10:00,R7_1,N5_3,CAR,516.0
25800,2025-10-27 07:10:00,R7_1,N5_3,TRUCK,72.0
26100,2025-10-27 07:15:00,N1_1,N5_3,CAR,1284.0
26100,2025-10-27 07:15:00,N1_1,N5_3,TRUCK,228.0
26100,2025-10-27 07:15:00,N1_1,R6_8,CAR,504.0
26100,2025-10-27 07:15:00,N1_1,R6_8,TRUCK,24.0
26100,2025-10-27 07:15:00,R7_1,N5_3,CAR,564.0
26100,2025-10-27 07:15:00,R7_1,N5_3,TRUCK,24.0
26400,2025-10-27 07:20:00,N1_1,N5_3,CAR,1440.0
26400,2025-10-27 07:20:00,N1_1,N5_3,TRUCK,204.0
26400,2025-10-27 07:20:00,N1_1,R6_8,CAR,396.0
26400,2025-10-27 07:20:00,N1_1,R6_8,TRUCK,12.0
26400,2025-10-27 07:20:00,R7_1,N5_3,CAR,504.0
26400,2025-10-27 07:20:00,R7_1,N5_3,TRUCK,24.0
26700,2025-10-27 07:25:00,N1_1,N5_3,CAR,1224.0
26700,2025-10-27 07:25:00,N1_1,N5_3,TRUCK,312.0
26700,2025-10-27 07:25:00,N1_1,R6_8,CAR,384.0
26700,2025-10-27 07:25:00,N1_1,R6_8,TRUCK,24.0
26700,2025-10-27 07:25:00,R7_1,N5_3,CAR,516.0
26700,2025-10-27 07:25:00,R7_1,N5_3,TRUCK,48.0
27000,2025-10-27 07:30:00,N1_1,N5_3,CAR,1284.0
27000,2025-10-27 07:30:00,N1_1,N5_3,TRUCK,288.0
27000,2025-10-27 07:30:00,N1_1,R6_8,CAR,492.0
27000,2025-10-27 07:30:00,N1_1,R6_8,TRUCK,36.0
27000,2025-10-27 07:30:00,R7_1,N5_3,CAR,564.0
27000,2025-10-27 07:30:00,R7_1,N5_3,TRUCK,36.0
27300,2025-10-27 07:35:00,N1_1,N5_3,CAR,1272.0
27300,2025-10-27 07:35:00,N1_1,N5_3,TRUCK,240.0
27300,2025-10-27 07:35:00,N1_1,R6_8,CAR,468.0
27300,2025-10-27 07:35:00,N1_1,R6_8,TRUCK,48.0
27300,2025-10-27 07:35:00,R7_1,N5_3,CAR,516.0
27300,2025-10-27 07:35:00,R7_1,N5_3,TRUCK,60.0
27600,2025-10-27 07:40:00,N1_1,N5_3,CAR,1464.0
27600,2025-10-27 07:40:00,N1_1,N5_3,TRUCK,240.0
27600,2025-10-27 07:40:00,N1_1,R6_8,CAR,480.0
27600,2025-10-27 07:40:00,N1_1,R6_8,TRUCK,12.0
27600,2025-10-27 07:40:00,R7_1,N5_3,CAR,624.0
27600,2025-10-27 07:40:00,R7_1,N5_3,TRUCK,48.0
27900,2025-10-27 07:45:00,N1_1,N5_3,CAR,1356.0
27900,2025-10-27 07:45:00,N1_1,N5_3,TRUCK,264.0
27900,2025-10-27 07:45:00,N1_1,R6_8,CAR,516.0
27900,2025-10-27 07:45:00,N1_1,R6_8,TRUCK,36.0
27900,2025-10-27 07:45:00,R7_1,N5_3,CAR,408.0
27900,2025-10-27 07:45:00,R7_1,N5_3,TRUCK,72.0
28200,2025-10-27 07:50:00,N1_1,N5_3,CAR,1188.0
28200,2025-10-27 07:50:00,N1_1,N5_3,TRUCK,288.0
28200,2025-10-27 07:50:00,N1_1,R6_8,CAR,456.0
28200,2025-10-27 07:50:00,N1_1,R6_8,TRUCK,48.0
28200,2025-10-27 07:50:00,R7_1,N5_3,CAR,504.0
28200,2025-10-27 07:50:00,R7_1,N5_3,TRUCK,108.0
28500,2025-10-27 07:55:00,N1_1,N5_3,CAR,1116.0
28500,2025-10-27 07:55:00,N1_1,N5_3,TRUCK,288.0
28500,2025-10-27 07:55:00,N1_1,R6_8,CAR,408.0
28500,2025-10-27 07:55:00,N1_1,R6_8,TRUCK,36.0
28500,2025-10-27 07:55:00,R7_1,N5_3,CAR,516.0
28500,2025-10-27 07:55:00,R7_1,N5_3,TRUCK,84.0
28800,2025-10-27 08:00:00,N1_1,N5_3,CAR,1140.0
28800,2025-10-27 08:00:00,N1_1,N5_3,TRUCK,156.0
28800,2025-10-27 08:00:00,N1_1,R6_8,CAR,360.0
28800,2025-10-27 08:00:00,N1_1,R6_8,TRUCK,60.0
28800,2025-10-27 08:00:00,R7_1,N5_3,CAR,444.0
28800,2025-10-27 08:00:00,R7_1,N5_3,TRUCK,108.0
29100,2025-10-27 08:05:00,N1_1,N5_3,CAR,1440.0
29100,2025-10-27 08:05:00,N1_1,N5_3,TRUCK,228.0
29100,2025-10-27 08:05:00,N1_1,R6_8,CAR,408.0
29100,2025-10-27 08:05:00,N1_1,R6_8,TRUCK,24.0
29100,2025-10-27 08:05:00,R7_1,N5_3,CAR,516.0
29100,2025-10-27 08:05:00,R7_1,N5_3,TRUCK,72.0
29400,2025-10-27 08:10:00,N1_1,N5_3,CAR,1236.0
29400,2025-10-27 08:10:00,N1_1,N5_3,TRUCK,108.0
29400,2025-10-27 08:10:00,N1_1,R6_8,CAR,360.0
29400,2025-10-27 08:10:00,N1_1,R6_8,TRUCK,24.0
29400,2025-10-27 08:10:00,R7_1,N5_3,CAR,492.0
29400,2025-10-27 08:10:00,R7_1,N5_3,TRUCK,156.0
29700,2025-10-27 08:15:00,N1_1,N5_3,CAR,1248.0
29700,2025-10-27 08:15:00,N1_1,N5_3,TRUCK,156.0
29700,2025-10-27 08:15:00,N1_1,R6_8,CAR,372.0
29700,2025-10-27 08:15:00,N1_1,R6_8,TRUCK,36.0
29700,2025-10-27 08:15:00,R7_1,N5_3,CAR,420.0
29700,2025-10-27 08:15:00,R7_1,N5_3,TRUCK,144.0
30000,2025-10-27 08:20:00,N1_1,N5_3,CAR,1524.0
30000,2025-10-27 08:20:00,N1_1,N5_3,TRUCK,204.0
30000,2025-10-27 08:20:00,N1_1,R6_8,CAR,360.0
30000,2025-10-27 08:20:00,N1_1,R6_8,TRUCK,84.0
30000,2025-10-27 08:20:00,R7_1,N5_3,CAR,492.0
30000,2025-10-27 08:20:00,R7_1,N5_3,TRUCK,84.0
30300,2025-10-27 08:25:00,N1_1,N5_3,CAR,1428.0
30300,2025-10-27 08:25:00,N1_1,N5_3,TRUCK,180.0
30300,2025-10-27 08:25:00,N1_1,R6_8,CAR,240.0
30300,2025-10-27 08:25:00,N1_1,R6_8,TRUCK,24.0
30300,2025-10-27 08:25:00,R7_1,N5_3,CAR,324.0
30300,2025-10-27 08:25:00,R7_1,N5_3,TRUCK,72.0
30600,2025-10-27 08:30:00,N1_1,N5_3,CAR,1380.0
30600,2025-10-27 08:30:00,N1_1,N5_3,TRUCK,288.0
30600,2025-10-27 08:30:00,N1_1,R6_8,CAR,252.0
30600,2025-10-27 08:30:00,N1_1,R6_8,TRUCK,48.0
30600,2025-10-27 08:30:00,R7_1,N5_3,CAR,420.0
30600,2025-10-27 08:30:00,R7_1,N5_3,TRUCK,72.0
30900,2025-10-27 08:35:00,N1_1,N5_3,CAR,1332.0
30900,2025-10-27 08:35:00,N1_1,N5_3,TRUCK,336.0
30900,2025-10-27 08:35:00,N1_1,R6_8,CAR,420.0
30900,2025-10-27 08:35:00,N1_1,R6_8,TRUCK,48.0
30900,2025-10-27 08:35:00,R7_1,N5_3,CAR,420.0
30900,2025-10-27 08:35:00,R7_1,N5_3,TRUCK,24.0
31200,2025-10-27 08:40:00,N1_1,N5_3,CAR,1656.0
31200,2025-10-27 08:40:00,N1_1,N5_3,TRUCK,240.0
31200,2025-10-27 08:40:00,N1_1,R6_8,CAR,420.0
31200,2025-10-27 08:40:00,N1_1,R6_8,TRUCK,36.0
31200,2025-10-27 08:40:00,R7_1,N5_3,CAR,396.0
31200,2025-10-27 08:40:00,R7_1,N5_3,TRUCK,48.0
31500,2025-10-27 08:45:00,N1_1,N5_3,CAR,1572.0
31500,2025-10-27 08:45:00,N1_1,N5_3,TRUCK,264.0
31500,2025-10-27 08:45:00,N1_1,R6_8,CAR,312.0
31500,2025-10-27 08:45:00,N1_1,R6_8,TRUCK,12.0
31500,2025-10-27 08:45:00,R7_1,N5_3,CAR,444.0
31500,2025-10-27 08:45:00,R7_1,N5_3,TRUCK,72.0
31800,2025-10-27 08:50:00,N1_1,N5_3,CAR,1356.0
31800,2025-10-27 08:50:00,N1_1,N5_3,TRUCK,312.0
31800,2025-10-27 08:50:00,N1_1,R6_8,CAR,216.0
31800,2025-10-27 08:50:00,N1_1,R6_8,TRUCK,36.0
31800,2025-10-27 08:50:00,R7_1,N5_3,CAR,372.0
31800,2025-10-27 08:50:00,R7_1,N5_3,TRUCK,60.0
32100,2025-10-27 08:55:00,N1_1,N5_3,CAR,1716.0
32100,2025-10-27 08:55:00,N1_1,N5_3,TRUCK,264.0
32100,2025-10-27 08:55:00,N1_1,R6_8,CAR,228.0
32100,2025-10-27 08:55:00,N1_1,R6_8,TRUCK,24.0
32100,2025-10-27 08:55:00,R7_1,N5_3,CAR,312.0
32100,2025-10-27 08:55:00,R7_1,N5_3,TRUCK,12.0
32400,2025-10-27 09:00:00,N1_1,N5_3,CAR,1452.0
32400,2025-10-27 09:00:00,N1_1,N5_3,TRUCK,336.0
32400,2025-10-27 09:00:00,N1_1,R6_8,CAR,72.0
32400,2025-10-27 09:00:00,N1_1,R6_8,TRUCK,84.0
32400,2025-10-27 09:00:00,R7_1,N5_3,CAR,456.0
32400,2025-10-27 09:00:00,R7_1,N5_3,TRUCK,108.0
32700,2025-10-27 09:05:00,N1_1,N5_3,CAR,1788.0
32700,2025-10-27 09:05:00,N1_1,N5_3,TRUCK,372.0
32700,2025-10-27 09:05:00,N1_1,R6_8,CAR,288.0
32700,2025-10-27 09:05:00,N1_1,R6_8,TRUCK,72.0
32700,2025-10-27 09:05:00,R7_1,N5_3,CAR,276.0
32700,2025-10-27 09:05:00,R7_1,N5_3,TRUCK,132.0
33000,2025-10-27 09:10:00,N1_1,N5_3,CAR,1572.0
33000,2025-10-27 09:10:00,N1_1,N5_3,TRUCK,192.0
33000,2025-10-27 09:10:00,N1_1,R6_8,CAR,276.0
33000,2025-10-27 09:10:00,N1_1,R6_8,TRUCK,36.0
33000,2025-10-27 09:10:00,R7_1,N5_3,CAR,456.0
33000,2025-10-27 09:10:00,R7_1,N5_3,TRUCK,108.0
33300,2025-10-27 09:15:00,N1_1,N5_3,CAR,1152.0
33300,2025-10-27 09:15:00,N1_1,N5_3,TRUCK,264.0
33300,2025-10-27 09:15:00,N1_1,R6_8,CAR,204.0
33300,2025-10-27 09:15:00,N1_1,R6_8,TRUCK,0.0
33300,2025-10-27 09:15:00,R7_1,N5_3,CAR,384.0
33300,2025-10-27 09:15:00,R7_1,N5_3,TRUCK,108.0
33600,2025-10-27 09:20:00,N1_1,N5_3,CAR,1716.0
33600,2025-10-27 09:20:00,N1_1,N5_3,TRUCK,360.0
33600,2025-10-27 09:20:00,N1_1,R6_8,CAR,168.0
33600,2025-10-27 09:20:00,N1_1,R6_8,TRUCK,36.0
33600,2025-10-27 09:20:00,R7_1,N5_3,CAR,288.0
33600,2025-10-27 09:20:00,R7_1,N5_3,TRUCK,84.0
33900,2025-10-27 09:25:00,N1_1,N5_3,CAR,1860.0
33900,2025-10-27 09:25:00,N1_1,N5_3,TRUCK,336.0
33900,2025-10-27 09:25:00,N1_1,R6_8,CAR,156.0
33900,2025-10-27 09:25:00,N1_1,R6_8,TRUCK,36.0
33900,2025-10-27 09:25:00,R7_1,N5_3,CAR,396.0
33900,2025-10-27 09:25:00,R7_1,N5_3,TRUCK,84.0
34200,2025-10-27 09:30:00,N1_1,N5_3,CAR,1668.0
34200,2025-10-27 09:30:00,N1_1,N5_3,TRUCK,336.0
34200,2025-10-27 09:30:00,N1_1,R6_8,CAR,144.0
34200,2025-10-27 09:30:00,N1_1,R6_8,TRUCK,24.0
34200,2025-10-27 09:30:00,R7_1,N5_3,CAR,300.0
34200,2025-10-27 09:30:00,R7_1,N5_3,TRUCK,180.0
34500,2025-10-27 09:35:00,N1_1,N5_3,CAR,1356.0
34500,2025-10-27 09:35:00,N1_1,N5_3,TRUCK,360.0
34500,2025-10-27 09:35:00,N1_1,R6_8,CAR,156.0
34500,2025-10-27 09:35:00,N1_1,R6_8,TRUCK,36.0
34500,2025-10-27 09:35:00,R7_1,N5_3,CAR,360.0
34500,2025-10-27 09:35:00,R7_1,N5_3,TRUCK,72.0
34800,2025-10-27 09:40:00,N1_1,N5_3,CAR,1776.0
34800,2025-10-27 09:40:00,N1_1,N5_3,TRUCK,288.0
34800,2025-10-27 09:40:00,N1_1,R6_8,CAR,216.0
34800,2025-10-27 09:40:00,N1_1,R6_8,TRUCK,0.0
34800,2025-10-27 09:40:00,R7_1,N5_3,CAR,396.0
34800,2025-10-27 09:40:00,R7_1,N5_3,TRUCK,48.0
35100,2025-10-27 09:45:00,N1_1,N5_3,CAR,1596.0
35100,2025-10-27 09:45:00,N1_1,N5_3,TRUCK,264.0
35100,2025-10-27 09:45:00,N1_1,R6_8,CAR,120.0
35100,2025-10-27 09:45:00,N1_1,R6_8,TRUCK,12.0
35100,2025-10-27 09:45:00,R7_1,N5_3,CAR,300.0
35100,2025-10-27 09:45:00,R7_1,N5_3,TRUCK,60.0
35400,2025-10-27 09:50:00,N1_1,N5_3,CAR,1668.0
35400,2025-10-27 09:50:00,N1_1,N5_3,TRUCK,408.0
35400,2025-10-27 09:50:00,N1_1,R6_8,CAR,216.0
35400,2025-10-27 09:50:00,N1_1,R6_8,TRUCK,24.0
35400,2025-10-27 09:50:00,R7_1,N5_3,CAR,504.0
35400,2025-10-27 09:50:00,R7_1,N5_3,TRUCK,132.0
35700,2025-10-27 09:55:00,N1_1,N5_3,CAR,1860.0
35700,2025-10-27 09:55:00,N1_1,N5_3,TRUCK,216.0
35700,2025-10-27 09:55:00,N1_1,R6_8,CAR,312.0
35700,2025-10-27 09:55:00,N1_1,R6_8,TRUCK,36.0
35700,2025-10-27 09:55:00,R7_1,N5_3,CAR,312.0
35700,2025-10-27 09:55:00,R7_1,N5_3,TRUCK,48.0
36000,2025-10-27 10:00:00,N1_1,N5_3,CAR,1476.0
36000,2025-10-27 10:00:00,N1_1,N5_3,TRUCK,420.0
36000,2025-10-27 10:00:00,N1_1,R6_8,CAR,192.0
36000,2025-10-27 10:00:00,N1_1,R6_8,TRUCK,36.0
36000,2025-10-27 10:00:00,R7_1,N5_3,CAR,360.0
36000,2025-10-27 10:00:00,R7_1,N5_3,TRUCK,12.0
36300,2025-10-27 10:05:00,N1_1,N5_3,CAR,1596.0
36300,2025-10-27 10:05:00,N1_1,N5_3,TRUCK,324.0
36300,2025-10-27 10:05:00,N1_1,R6_8,CAR,144.0
36300,2025-10-27 10:05:00,N1_1,R6_8,TRUCK,0.0
36300,2025-10-27 10:05:00,R7_1,N5_3,CAR,360.0
36300,2025-10-27 10:05:00,R7_1,N5_3,TRUCK,120.0
36600,2025-10-27 10:10:00,N1_1,N5_3,CAR,1380.0
36600,2025-10-27 10:10:00,N1_1,N5_3,TRUCK,420.0
36600,2025-10-27 10:10:00,N1_1,R6_8,CAR,228.0
36600,2025-10-27 10:10:00,N1_1,R6_8,TRUCK,24.0
36600,2025-10-27 10:10:00,R7_1,N5_3,CAR,336.0
36600,2025-10-27 10:10:00,R7_1,N5_3,TRUCK,72.0
36900,2025-10-27 10:15:00,N1_1,N5_3,CAR,1536.0
36900,2025-10-27 10:15:00,N1_1,N5_3,TRUCK,324.0
36900,2025-10-27 10:15:00,N1_1,R6_8,CAR,192.0
36900,2025-10-27 10:15:00,N1_1,R6_8,TRUCK,36.0
36900,2025-10-27 10:15:00,R7_1,N5_3,CAR,408.0
36900,2025-10-27 10:15:00,R7_1,N5_3,TRUCK,72.0
37200,2025-10-27 10:20:00,N1_1,N5_3,CAR,1272.0
37200,2025-10-27 10:20:00,N1_1,N5_3,TRUCK,408.0
37200,2025-10-27 10:20:00,N1_1,R6_8,CAR,240.0
37200,2025-10-27 10:20:00,N1_1,R6_8,TRUCK,24.0
37200,2025-10-27 10:20:00,R7_1,N5_3,CAR,336.0
37200,2025-10-27 10:20:00,R7_1,N5_3,TRUCK,48.0
37500,2025-10-27 10:25:00,N1_1,N5_3,CAR,1620.0
37500,2025-10-27 10:25:00,N1_1,N5_3,TRUCK,516.0
37500,2025-10-27 10:25:00,N1_1,R6_8,CAR,228.0
37500,2025-10-27 10:25:00,N1_1,R6_8,TRUCK,36.0
37500,2025-10-27 10:25:00,R7_1,N5_3,CAR,432.0
37500,2025-10-27 10:25:00,R7_1,N5_3,TRUCK,120.0
37800,2025-10-27 10:30:00,N1_1,N5_3,CAR,1452.0
37800,2025-10-27 10:30:00,N1_1,N5_3,TRUCK,276.0
37800,2025-10-27 10:30:00,N1_1,R6_8,CAR,252.0
37800,2025-10-27 10:30:00,N1_1,R6_8,TRUCK,36.0
37800,2025-10-27 10:30:00,R7_1,N5_3,CAR,372.0
37800,2025-10-27 10:30:00,R7_1,N5_3,TRUCK,96.0
38100,2025-10-27 10:35:00,N1_1,N5_3,CAR,1560.0
38100,2025-10-27 10:35:00,N1_1,N5_3,TRUCK,372.0
38100,2025-10-27 10:35:00,N1_1,R6_8,CAR,204.0
38100,2025-10-27 10:35:00,N1_1,R6_8,TRUCK,48.0
38100,2025-10-27 10:35:00,R7_1,N5_3,CAR,504.0
38100,2025-10-27 10:35:00,R7_1,N5_3,TRUCK,12.0
38400,2025-10-27 10:40:00,N1_1,N5_3,CAR,1464.0
38400,2025-10-27 10:40:00,N1_1,N5_3,TRUCK,324.0
38400,2025-10-27 10:40:00,N1_1,R6_8,CAR,288.0
38400,2025-10-27 10:40:00,N1_1,R6_8,TRUCK,24.0
38400,2025-10-27 10:40:00,R7_1,N5_3,CAR,420.0
38400,2025-10-27 10:40:00,R7_1,N5_3,TRUCK,24.0
38700,2025-10-27 10:45:00,N1_1,N5_3,CAR,1620.0
38700,2025-10-27 10:45:00,N1_1,N5_3,TRUCK,420.0
38700,2025-10-27 10:45:00,N1_1,R6_8,CAR,276.0
38700,2025-10-27 10:45:00,N1_1,R6_8,TRUCK,24.0
38700,2025-10-27 10:45:00,R7_1,N5_3,CAR,552.0
38700,2025-10-27 10:45:00,R7_1,N5_3,TRUCK,84.0
39000,2025-10-27 10:50:00,N1_1,N5_3,CAR,1200.0
39000,2025-10-27 10:50:00,N1_1,N5_3,TRUCK,348.0
39000,2025-10-27 10:50:00,N1_1,R6_8,CAR,216.0
39000,2025-10-27 10:50:00,N1_1,R6_8,TRUCK,12.0
39000,2025-10-27 10:50:00,R7_1,N5_3,CAR,420.0
39000,2025-10-27 10:50:00,R7_1,N5_3,TRUCK,60.0
39300,2025-10-27 10:55:00,N1_1,N5_3,CAR,1416.0
39300,2025-10-27 10:55:00,N1_1,N5_3,TRUCK,372.0
39300,2025-10-27 10:55:00,N1_1,R6_8,CAR,240.0
39300,2025-10-27 10:55:00,N1_1,R6_8,TRUCK,12.0
39300,2025-10-27 10:55:00,R7_1,N5_3,CAR,360.0
39300,2025-10-27 10:55:00,R7_1,N5_3,TRUCK,60.0
39600,2025-10-27 11:00:00,N1_1,N5_3,CAR,1560.0
39600,2025-10-27 11:00:00,N1_1,N5_3,TRUCK,276.0
39600,2025-10-27 11:00:00,N1_1,R6_8,CAR,252.0
39600,2025-10-27 11:00:00,N1_1,R6_8,TRUCK,24.0
39600,2025-10-27 11:00:00,R7_1,N5_3,CAR,444.0
39600,2025-10-27 11:00:00,R7_1,N5_3,TRUCK,36.0
39900,2025-10-27 11:05:00,N1_1,N5_3,CAR,1452.0
39900,2025-10-27 11:05:00,N1_1,N5_3,TRUCK,288.0
39900,2025-10-27 11:05:00,N1_1,R6_8,CAR,72.0
39900,2025-10-27 11:05:00,N1_1,R6_8,TRUCK,48.0
39900,2025-10-27 11:05:00,R7_1,N5_3,CAR,372.0
39900,2025-10-27 11:05:00,R7_1,N5_3,TRUCK,48.0
40200,2025-10-27 11:10:00,N1_1,N5_3,CAR,1176.0
40200,2025-10-27 11:10:00,N1_1,N5_3,TRUCK,348.0
40200,2025-10-27 11:10:00,N1_1,R6_8,CAR,216.0
40200,2025-10-27 11:10:00,N1_1,R6_8,TRUCK,36.0
40200,2025-10-27 11:10:00,R7_1,N5_3,CAR,444.0
40200,2025-10-27 11:10:00,R7_1,N5_3,TRUCK,72.0
40500,2025-10-27 11:15:00,N1_1,N5_3,CAR,1356.0
40500,2025-10-27 11:15:00,N1_1,N5_3,TRUCK,384.0
40500,2025-10-27 11:15:00,N1_1,R6_8,CAR,132.0
40500,2025-10-27 11:15:00,N1_1,R6_8,TRUCK,24.0
40500,2025-10-27 11:15:00,R7_1,N5_3,CAR,408.0
40500,2025-10-27 11:15:00,R7_1,N5_3,TRUCK,96.0
40800,2025-10-27 11:20:00,N1_1,N5_3,CAR,1248.0
40800,2025-10-27 11:20:00,N1_1,N5_3,TRUCK,396.0
40800,2025-10-27 11:20:00,N1_1,R6_8,CAR,216.0
40800,2025-10-27 11:20:00,N1_1,R6_8,TRUCK,60.0
40800,2025-10-27 11:20:00,R7_1,N5_3,CAR,372.0
40800,2025-10-27 11:20:00,R7_1,N5_3,TRUCK,84.0
41100,2025-10-27 11:25:00,N1_1,N5_3,CAR,1212.0
41100,2025-10-27 11:25:00,N1_1,N5_3,TRUCK,276.0
41100,2025-10-27 11:25:00,N1_1,R6_8,CAR,216.0
41100,2025-10-27 11:25:00,N1_1,R6_8,TRUCK,48.0
41100,2025-10-27 11:25:00,R7_1,N5_3,CAR,480.0
41100,2025-10-27 11:25:00,R7_1,N5_3,TRUCK,60.0
41400,2025-10-27 11:30:00,N1_1,N5_3,CAR,1776.0
41400,2025-10-27 11:30:00,N1_1,N5_3,TRUCK,408.0
41400,2025-10-27 11:30:00,N1_1,R6_8,CAR,180.0
41400,2025-10-27 11:30:00,N1_1,R6_8,TRUCK,12.0
41400,2025-10-27 11:30:00,R7_1,N5_3,CAR,528.0
41400,2025-10-27 11:30:00,R7_1,N5_3,TRUCK,36.0
41700,2025-10-27 11:35:00,N1_1,N5_3,CAR,1596.0
41700,2025-10-27 11:35:00,N1_1,N5_3,TRUCK,444.0
41700,2025-10-27 11:35:00,N1_1,R6_8,CAR,216.0
41700,2025-10-27 11:35:00,N1_1,R6_8,TRUCK,60.0
41700,2025-10-27 11:35:00,R7_1,N5_3,CAR,300.0
41700,2025-10-27 11:35:00,R7_1,N5_3,TRUCK,24.0
42000,2025-10-27 11:40:00,N1_1,N5_3,CAR,1488.0
42000,2025-10-27 11:40:00,N1_1,N5_3,TRUCK,336.0
42000,2025-10-27 11:40:00,N1_1,R6_8,CAR,180.0
42000,2025-10-27 11:40:00,N1_1,R6_8,TRUCK,24.0
42000,2025-10-27 11:40:00,R7_1,N5_3,CAR,456.0
42000,2025-10-27 11:40:00,R7_1,N5_3,TRUCK,48.0
42300,2025-10-27 11:45:00,N1_1,N5_3,CAR,1164.0
42300,2025-10-27 11:45:00,N1_1,N5_3,TRUCK,348.0
42300,2025-10-27 11:45:00,N1_1,R6_8,CAR,288.0
42300,2025-10-27 11:45:00,N1_1,R6_8,TRUCK,24.0
42300,2025-10-27 11:45:00,R7_1,N5_3,CAR,324.0
42300,2025-10-27 11:45:00,R7_1,N5_3,TRUCK,120.0
42600,2025-10-27 11:50:00,N1_1,N5_3,CAR,1416.0
42600,2025-10-27 11:50:00,N1_1,N5_3,TRUCK,336.0
42600,2025-10-27 11:50:00,N1_1,R6_8,CAR,348.0
42600,2025-10-27 11:50:00,N1_1,R6_8,TRUCK,24.0
42600,2025-10-27 11:50:00,R7_1,N5_3,CAR,588.0
42600,2025-10-27 11:50:00,R7_1,N5_3,TRUCK,36.0
42900,2025-10-27 11:55:00,N1_1,N5_3,CAR,1320.0
42900,2025-10-27 11:55:00,N1_1,N5_3,TRUCK,300.0
42900,2025-10-27 11:55:00,N1_1,R6_8,CAR,348.0
42900,2025-10-27 11:55:00,N1_1,R6_8,TRUCK,24.0
42900,2025-10-27 11:55:00,R7_1,N5_3,CAR,504.0
42900,2025-10-27 11:55:00,R7_1,N5_3,TRUCK,60.0
43200,2025-10-27 12:00:00,N1_1,N5_3,CAR,1596.0
43200,2025-10-27 12:00:00,N1_1,N5_3,TRUCK,432.0
43200,2025-10-27 12:00:00,N1_1,R6_8,CAR,168.0
43200,2025-10-27 12:00:00,N1_1,R6_8,TRUCK,0.0
43200,2025-10-27 12:00:00,R7_1,N5_3,CAR,312.0
43200,2025-10-27 12:00:00,R7_1,N5_3,TRUCK,36.0
43500,2025-10-27 12:05:00,N1_1,N5_3,CAR,1164.0
43500,2025-10-27 12:05:00,N1_1,N5_3,TRUCK,288.0
43500,2025-10-27 12:05:00,N1_1,R6_8,CAR,240.0
43500,2025-10-27 12:05:00,N1_1,R6_8,TRUCK,36.0
43500,2025-10-27 12:05:00,R7_1,N5_3,CAR,420.0
43500,2025-10-27 12:05:00,R7_1,N5_3,TRUCK,48.0
43800,2025-10-27 12:10:00,N1_1,N5_3,CAR,1308.0
43800,2025-10-27 12:10:00,N1_1,N5_3,TRUCK,372.0
43800,2025-10-27 12:10:00,N1_1,R6_8,CAR,144.0
43800,2025-10-27 12:10:00,N1_1,R6_8,TRUCK,36.0
43800,2025-10-27 12:10:00,R7_1,N5_3,CAR,468.0
43800,2025-10-27 12:10:00,R7_1,N5_3,TRUCK,132.0
44100,2025-10-27 12:15:00,N1_1,N5_3,CAR,1488.0
44100,2025-10-27 12:15:00,N1_1,N5_3,TRUCK,408.0
44100,2025-10-27 12:15:00,N1_1,R6_8,CAR,252.0
44100,2025-10-27 12:15:00,N1_1,R6_8,TRUCK,36.0
44100,2025-10-27 12:15:00,R7_1,N5_3,CAR,432.0
44100,2025-10-27 12:15:00,R7_1,N5_3,TRUCK,72.0
44400,2025-10-27 12:20:00,N1_1,N5_3,CAR,1596.0
44400,2025-10-27 12:20:00,N1_1,N5_3,TRUCK,504.0
44400,2025-10-27 12:20:00,N1_1,R6_8,CAR,348.0
44400,2025-10-27 12:20:00,N1_1,R6_8,TRUCK,36.0
44400,2025-10-27 12:20:00,R7_1,N5_3,CAR,552.0
44400,2025-10-27 12:20:00,R7_1,N5_3,TRUCK,48.0
44700,2025-10-27 12:25:00,N1_1,N5_3,CAR,1320.0
44700,2025-10-27 12:25:00,N1_1,N5_3,TRUCK,276.0
44700,2025-10-27 12:25:00,N1_1,R6_8,CAR,180.0
44700,2025-10-27 12:25:00,N1_1,R6_8,TRUCK,12.0
44700,2025-10-27 12:25:00,R7_1,N5_3,CAR,600.0
44700,2025-10-27 12:25:00,R7_1,N5_3,TRUCK,96.0
45000,2025-10-27 12:30:00,N1_1,N5_3,CAR,1464.0
45000,2025-10-27 12:30:00,N1_1,N5_3,TRUCK,408.0
45000,2025-10-27 12:30:00,N1_1,R6_8,CAR,228.0
45000,2025-10-27 12:30:00,N1_1,R6_8,TRUCK,12.0
45000,2025-10-27 12:30:00,R7_1,N5_3,CAR,540.0
45000,2025-10-27 12:30:00,R7_1,N5_3,TRUCK,132.0
45300,2025-10-27 12:35:00,N1_1,N5_3,CAR,1344.0
45300,2025-10-27 12:35:00,N1_1,N5_3,TRUCK,468.0
45300,2025-10-27 12:35:00,N1_1,R6_8,CAR,228.0
45300,2025-10-27 12:35:00,N1_1,R6_8,TRUCK,12.0
45300,2025-10-27 12:35:00,R7_1,N5_3,CAR,552.0
45300,2025-10-27 12:35:00,R7_1,N5_3,TRUCK,48.0
45600,2025-10-27 12:40:00,N1_1,N5_3,CAR,1260.0
45600,2025-10-27 12:40:00,N1_1,N5_3,TRUCK,252.0
45600,2025-10-27 12:40:00,N1_1,R6_8,CAR,348.0
45600,2025-10-27 12:40:00,N1_1,R6_8,TRUCK,12.0
45600,2025-10-27 12:40:00,R7_1,N5_3,CAR,504.0
45600,2025-10-27 12:40:00,R7_1,N5_3,TRUCK,36.0
45900,2025-10-27 12:45:00,N1_1,N5_3,CAR,1440.0
45900,2025-10-27 12:45:00,N1_1,N5_3,TRUCK,324.0
45900,2025-10-27 12:45:00,N1_1,R6_8,CAR,264.0
45900,2025-10-27 12:45:00,N1_1,R6_8,TRUCK,12.0
45900,2025-10-27 12:45:00,R7_1,N5_3,CAR,456.0
45900,2025-10-27 12:45:00,R7_1,N5_3,TRUCK,24.0
46200,2025-10-27 12:50:00,N1_1,N5_3,CAR,1248.0
46200,2025-10-27 12:50:00,N1_1,N5_3,TRUCK,396.0
46200,2025-10-27 12:50:00,N1_1,R6_8,CAR,216.0
46200,2025-10-27 12:50:00,N1_1,R6_8,TRUCK,48.0
46200,2025-10-27 12:50:00,R7_1,N5_3,CAR,504.0
46200,2025-10-27 12:50:00,R7_1,N5_3,TRUCK,48.0
46500,2025-10-27 12:55:00,N1_1,N5_3,CAR,1176.0
46500,2025-10-27 12:55:00,N1_1,N5_3,TRUCK,372.0
46500,2025-10-27 12:55:00,N1_1,R6_8,CAR,264.0
46500,2025-10-27 12:55:00,N1_1,R6_8,TRUCK,12.0
46500,2025-10-27 12:55:00,R7_1,N5_3,CAR,576.0
46500,2025-10-27 12:55:00,R7_1,N5_3,TRUCK,48.0
46800,2025-10-27 13:00:00,N1_1,N5_3,CAR,1392.0
46800,2025-10-27 13:00:00,N1_1,N5_3,TRUCK,360.0
46800,2025-10-27 13:00:00,N1_1,R6_8,CAR,288.0
46800,2025-10-27 13:00:00,N1_1,R6_8,TRUCK,0.0
46800,2025-10-27 13:00:00,R7_1,N5_3,CAR,396.0
46800,2025-10-27 13:00:00,R7_1,N5_3,TRUCK,84.0
47100,2025-10-27 13:05:00,N1_1,N5_3,CAR,1344.0
47100,2025-10-27 13:05:00,N1_1,N5_3,TRUCK,504.0
47100,2025-10-27 13:05:00,N1_1,R6_8,CAR,288.0
47100,2025-10-27 13:05:00,N1_1,R6_8,TRUCK,24.0
47100,2025-10-27 13:05:00,R7_1,N5_3,CAR,396.0
47100,2025-10-27 13:05:00,R7_1,N5_3,TRUCK,36.0
47400,2025-10-27 13:10:00,N1_1,N5_3,CAR,1512.0
47400,2025-10-27 13:10:00,N1_1,N5_3,TRUCK,408.0
47400,2025-10-27 13:10:00,N1_1,R6_8,CAR,144.0
47400,2025-10-27 13:10:00,N1_1,R6_8,TRUCK,0.0
47400,2025-10-27 13:10:00,R7_1,N5_3,CAR,600.0
47400,2025-10-27 13:10:00,R7_1,N5_3,TRUCK,96.0
47700,2025-10-27 13:15:00,N1_1,N5_3,CAR,1404.0
47700,2025-10-27 13:15:00,N1_1,N5_3,TRUCK,336.0
47700,2025-10-27 13:15:00,N1_1,R6_8,CAR,132.0
47700,2025-10-27 13:15:00,N1_1,R6_8,TRUCK,24.0
47700,2025-10-27 13:15:00,R7_1,N5_3,CAR,588.0
47700,2025-10-27 13:15:00,R7_1,N5_3,TRUCK,36.0
48000,2025-10-27 13:20:00,N1_1,N5_3,CAR,1488.0
48000,2025-10-27 13:20:00,N1_1,N5_3,TRUCK,276.0
48000,2025-10-27 13:20:00,N1_1,R6_8,CAR,276.0
48000,2025-10-27 13:20:00,N1_1,R6_8,TRUCK,24.0
48000,2025-10-27 13:20:00,R7_1,N5_3,CAR,444.0
48000,2025-10-27 13:20:00,R7_1,N5_3,TRUCK,24.0
48300,2025-10-27 13:25:00,N1_1,N5_3,CAR,1404.0
48300,2025-10-27 13:25:00,N1_1,N5_3,TRUCK,408.0
48300,2025-10-27 13:25:00,N1_1,R6_8,CAR,240.0
48300,2025-10-27 13:25:00,N1_1,R6_8,TRUCK,36.0
48300,2025-10-27 13:25:00,R7_1,N5_3,CAR,432.0
48300,2025-10-27 13:25:00,R7_1,N5_3,TRUCK,84.0
48600,2025-10-27 13:30:00,N1_1,N5_3,CAR,1416.0
48600,2025-10-27 13:30:00,N1_1,N5_3,TRUCK,348.0
48600,2025-10-27 13:30:00,N1_1,R6_8,CAR,288.0
48600,2025-10-27 13:30:00,N1_1,R6_8,TRUCK,12.0
48600,2025-10-27 13:30:00,R7_1,N5_3,CAR,492.0
48600,2025-10-27 13:30:00,R7_1,N5_3,TRUCK,84.0
48900,2025-10-27 13:35:00,N1_1,N5_3,CAR,1452.0
48900,2025-10-27 13:35:00,N1_1,N5_3,TRUCK,372.0
48900,2025-10-27 13:35:00,N1_1,R6_8,CAR,384.0
48900,2025-10-27 13:35:00,N1_1,R6_8,TRUCK,24.0
48900,2025-10-27 13:35:00,R7_1,N5_3,CAR,516.0
48900,2025-10-27 13:35:00,R7_1,N5_3,TRUCK,96.0
49200,2025-10-27 13:40:00,N1_1,N5_3,CAR,1356.0
49200,2025-10-27 13:40:00,N1_1,N5_3,TRUCK,324.0
49200,2025-10-27 13:40:00,N1_1,R6_8,CAR,348.0
49200,2025-10-27 13:40:00,N1_1,R6_8,TRUCK,36.0
49200,2025-10-27 13:40:00,R7_1,N5_3,CAR,504.0
49200,2025-10-27 13:40:00,R7_1,N5_3,TRUCK,108.0
49500,2025-10-27 13:45:00,N1_1,N5_3,CAR,1320.0
49500,2025-10-27 13:45:00,N1_1,N5_3,TRUCK,324.0
49500,2025-10-27 13:45:00,N1_1,R6_8,CAR,252.0
49500,2025-10-27 13:45:00,N1_1,R6_8,TRUCK,12.0
49500,2025-10-27 13:45:00,R7_1,N5_3,CAR,408.0
49500,2025-10-27 13:45:00,R7_1,N5_3,TRUCK,84.0
49800,2025-10-27 13:50:00,N1_1,N5_3,CAR,1368.0
49800,2025-10-27 13:50:00,N1_1,N5_3,TRUCK,420.0
49800,2025-10-27 13:50:00,N1_1,R6_8,CAR,156.0
49800,2025-10-27 13:50:00,N1_1,R6_8,TRUCK,24.0
49800,2025-10-27 13:50:00,R7_1,N5_3,CAR,540.0
49800,2025-10-27 13:50:00,R7_1,N5_3,TRUCK,12.0
50100,2025-10-27 13:55:00,N1_1,N5_3,CAR,1404.0
50100,2025-10-27 13:55:00,N1_1,N5_3,TRUCK,360.0
50100,2025-10-27 13:55:00,N1_1,R6_8,CAR,192.0
50100,2025-10-27 13:55:00,N1_1,R6_8,TRUCK,48.0
50100,2025-10-27 13:55:00,R7_1,N5_3,CAR,588.0
50100,2025-10-27 13:55:00,R7_1,N5_3,TRUCK,84.0
50400,2025-10-27 14:00:00,N1_1,N5_3,CAR,1704.0
50400,2025-10-27 14:00:00,N1_1,N5_3,TRUCK,288.0
50400,2025-10-27 14:00:00,N1_1,R6_8,CAR,276.0
50400,2025-10-27 14:00:00,N1_1,R6_8,TRUCK,36.0
50400,2025-10-27 14:00:00,R7_1,N5_3,CAR,648.0
50400,2025-10-27 14:00:00,R7_1,N5_3,TRUCK,24.0
50700,2025-10-27 14:05:00,N1_1,N5_3,CAR,1512.0
50700,2025-10-27 14:05:00,N1_1,N5_3,TRUCK,312.0
50700,2025-10-27 14:05:00,N1_1,R6_8,CAR,324.0
50700,2025-10-27 14:05:00,N1_1,R6_8,TRUCK,48.0
50700,2025-10-27 14:05:00,R7_1,N5_3,CAR,576.0
50700,2025-10-27 14:05:00,R7_1,N5_3,TRUCK,84.0
51000,2025-10-27 14:10:00,N1_1,N5_3,CAR,1656.0
51000,2025-10-27 14:10:00,N1_1,N5_3,TRUCK,348.0
51000,2025-10-27 14:10:00,N1_1,R6_8,CAR,348.0
51000,2025-10-27 14:10:00,N1_1,R6_8,TRUCK,12.0
51000,2025-10-27 14:10:00,R7_1,N5_3,CAR,480.0
51000,2025-10-27 14:10:00,R7_1,N5_3,TRUCK,60.0
51300,2025-10-27 14:15:00,N1_1,N5_3,CAR,1368.0
51300,2025-10-27 14:15:00,N1_1,N5_3,TRUCK,252.0
51300,2025-10-27 14:15:00,N1_1,R6_8,CAR,312.0
51300,2025-10-27 14:15:00,N1_1,R6_8,TRUCK,36.0
51300,2025-10-27 14:15:00,R7_1,N5_3,CAR,648.0
51300,2025-10-27 14:15:00,R7_1,N5_3,TRUCK,60.0
51600,2025-10-27 14:20:00,N1_1,N5_3,CAR,1512.0
51600,2025-10-27 14:20:00,N1_1,N5_3,TRUCK,372.0
51600,2025-10-27 14:20:00,N1_1,R6_8,CAR,336.0
51600,2025-10-27 14:20:00,N1_1,R6_8,TRUCK,36.0
51600,2025-10-27 14:20:00,R7_1,N5_3,CAR,888.0
51600,2025-10-27 14:20:00,R7_1,N5_3,TRUCK,96.0
51900,2025-10-27 14:25:00,N1_1,N5_3,CAR,1524.0
51900,2025-10-27 14:25:00,N1_1,N5_3,TRUCK,336.0
51900,2025-10-27 14:25:00,N1_1,R6_8,CAR,396.0
51900,2025-10-27 14:25:00,N1_1,R6_8,TRUCK,12.0
51900,2025-10-27 14:25:00,R7_1,N5_3,CAR,732.0
51900,2025-10-27 14:25:00,R7_1,N5_3,TRUCK,60.0
52200,2025-10-27 14:30:00,N1_1,N5_3,CAR,1524.0
52200,2025-10-27 14:30:00,N1_1,N5_3,TRUCK,240.0
52200,2025-10-27 14:30:00,N1_1,R6_8,CAR,192.0
52200,2025-10-27 14:30:00,N1_1,R6_8,TRUCK,60.0
52200,2025-10-27 14:30:00,R7_1,N5_3,CAR,444.0
52200,2025-10-27 14:30:00,R7_1,N5_3,TRUCK,72.0
52500,2025-10-27 14:35:00,N1_1,N5_3,CAR,1368.0
52500,2025-10-27 14:35:00,N1_1,N5_3,TRUCK,324.0
52500,2025-10-27 14:35:00,N1_1,R6_8,CAR,384.0
52500,2025-10-27 14:35:00,N1_1,R6_8,TRUCK,0.0
52500,2025-10-27 14:35:00,R7_1,N5_3,CAR,612.0
52500,2025-10-27 14:35:00,R7_1,N5_3,TRUCK,48.0
52800,2025-10-27 14:40:00,N1_1,N5_3,CAR,1452.0
52800,2025-10-27 14:40:00,N1_1,N5_3,TRUCK,252.0
52800,2025-10-27 14:40:00,N1_1,R6_8,CAR,276.0
52800,2025-10-27 14:40:00,N1_1,R6_8,TRUCK,24.0
52800,2025-10-27 14:40:00,R7_1,N5_3,CAR,624.0
52800,2025-10-27 14:40:00,R7_1,N5_3,TRUCK,36.0
53100,2025-10-27 14:45:00,N1_1,N5_3,CAR,1548.0
53100,2025-10-27 14:45:00,N1_1,N5_3,TRUCK,468.0
53100,2025-10-27 14:45:00,N1_1,R6_8,CAR,432.0
53100,2025-10-27 14:45:00,N1_1,R6_8,TRUCK,48.0
53100,2025-10-27 14:45:00,R7_1,N5_3,CAR,684.0
53100,2025-10-27 14:45:00,R7_1,N5_3,TRUCK,60.0
53400,2025-10-27 14:50:00,N1_1,N5_3,CAR,1260.0
53400,2025-10-27 14:50:00,N1_1,N5_3,TRUCK,216.0
53400,2025-10-27 14:50:00,N1_1,R6_8,CAR,288.0
53400,2025-10-27 14:50:00,N1_1,R6_8,TRUCK,12.0
53400,2025-10-27 14:50:00,R7_1,N5_3,CAR,768.0
53400,2025-10-27 14:50:00,R7_1,N5_3,TRUCK,48.0
53700,2025-10-27 14:55:00,N1_1,N5_3,CAR,1296.0
53700,2025-10-27 14:55:00,N1_1,N5_3,TRUCK,252.0
53700,2025-10-27 14:55:00,N1_1,R6_8,CAR,312.0
53700,2025-10-27 14:55:00,N1_1,R6_8,TRUCK,60.0
53700,2025-10-27 14:55:00,R7_1,N5_3,CAR,636.0
53700,2025-10-27 14:55:00,R7_1,N5_3,TRUCK,36.0
54000,2025-10-27 15:00:00,N1_1,N5_3,CAR,1068.0
54000,2025-10-27 15:00:00,N1_1,N5_3,TRUCK,264.0
54000,2025-10-27 15:00:00,N1_1,R6_8,CAR,204.0
54000,2025-10-27 15:00:00,N1_1,R6_8,TRUCK,36.0
54000,2025-10-27 15:00:00,R7_1,N5_3,CAR,648.0
54000,2025-10-27 15:00:00,R7_1,N5_3,TRUCK,96.0
54300,2025-10-27 15:05:00,N1_1,N5_3,CAR,1596.0
54300,2025-10-27 15:05:00,N1_1,N5_3,TRUCK,300.0
54300,2025-10-27 15:05:00,N1_1,R6_8,CAR,264.0
54300,2025-10-27 15:05:00,N1_1,R6_8,TRUCK,36.0
54300,2025-10-27 15:05:00,R7_1,N5_3,CAR,528.0
54300,2025-10-27 15:05:00,R7_1,N5_3,TRUCK,60.0
54600,2025-10-27 15:10:00,N1_1,N5_3,CAR,1332.0
54600,2025-10-27 15:10:00,N1_1,N5_3,TRUCK,204.0
54600,2025-10-27 15:10:00,N1_1,R6_8,CAR,360.0
54600,2025-10-27 15:10:00,N1_1,R6_8,TRUCK,48.0
54600,2025-10-27 15:10:00,R7_1,N5_3,CAR,984.0
54600,2025-10-27 15:10:00,R7_1,N5_3,TRUCK,48.0
54900,2025-10-27 15:15:00,N1_1,N5_3,CAR,1308.0
54900,2025-10-27 15:15:00,N1_1,N5_3,TRUCK,348.0
54900,2025-10-27 15:15:00,N1_1,R6_8,CAR,300.0
54900,2025-10-27 15:15:00,N1_1,R6_8,TRUCK,12.0
54900,2025-10-27 15:15:00,R7_1,N5_3,CAR,888.0
54900,2025-10-27 15:15:00,R7_1,N5_3,TRUCK,12.0
55200,2025-10-27 15:20:00,N1_1,N5_3,CAR,1260.0
55200,2025-10-27 15:20:00,N1_1,N5_3,TRUCK,336.0
55200,2025-10-27 15:20:00,N1_1,R6_8,CAR,336.0
55200,2025-10-27 15:20:00,N1_1,R6_8,TRUCK,36.0
55200,2025-10-27 15:20:00,R7_1,N5_3,CAR,780.0
55200,2025-10-27 15:20:00,R7_1,N5_3,TRUCK,48.0
55500,2025-10-27 15:25:00,N1_1,N5_3,CAR,1284.0
55500,2025-10-27 15:25:00,N1_1,N5_3,TRUCK,396.0
55500,2025-10-27 15:25:00,N1_1,R6_8,CAR,288.0
55500,2025-10-27 15:25:00,N1_1,R6_8,TRUCK,12.0
55500,2025-10-27 15:25:00,R7_1,N5_3,CAR,840.0
55500,2025-10-27 15:25:00,R7_1,N5_3,TRUCK,36.0
55800,2025-10-27 15:30:00,N1_1,N5_3,CAR,1560.0
55800,2025-10-27 15:30:00,N1_1,N5_3,TRUCK,372.0
55800,2025-10-27 15:30:00,N1_1,R6_8,CAR,480.0
55800,2025-10-27 15:30:00,N1_1,R6_8,TRUCK,24.0
55800,2025-10-27 15:30:00,R7_1,N5_3,CAR,996.0
55800,2025-10-27 15:30:00,R7_1,N5_3,TRUCK,96.0
56100,2025-10-27 15:35:00,N1_1,N5_3,CAR,1464.0
56100,2025-10-27 15:35:00,N1_1,N5_3,TRUCK,456.0
56100,2025-10-27 15:35:00,N1_1,R6_8,CAR,288.0
56100,2025-10-27 15:35:00,N1_1,R6_8,TRUCK,24.0
56100,2025-10-27 15:35:00,R7_1,N5_3,CAR,948.0
56100,2025-10-27 15:35:00,R7_1,N5_3,TRUCK,72.0
56400,2025-10-27 15:40:00,N1_1,N5_3,CAR,1752.0
56400,2025-10-27 15:40:00,N1_1,N5_3,TRUCK,396.0
56400,2025-10-27 15:40:00,N1_1,R6_8,CAR,420.0
56400,2025-10-27 15:40:00,N1_1,R6_8,TRUCK,12.0
56400,2025-10-27 15:40:00,R7_1,N5_3,CAR,984.0
56400,2025-10-27 15:40:00,R7_1,N5_3,TRUCK,60.0
56700,2025-10-27 15:45:00,N1_1,N5_3,CAR,1356.0
56700,2025-10-27 15:45:00,N1_1,N5_3,TRUCK,372.0
56700,2025-10-27 15:45:00,N1_1,R6_8,CAR,312.0
56700,2025-10-27 15:45:00,N1_1,R6_8,TRUCK,12.0
56700,2025-10-27 15:45:00,R7_1,N5_3,CAR,1080.0
56700,2025-10-27 15:45:00,R7_1,N5_3,TRUCK,60.0
57000,2025-10-27 15:50:00,N1_1,N5_3,CAR,1704.0
57000,2025-10-27 15:50:00,N1_1,N5_3,TRUCK,372.0
57000,2025-10-27 15:50:00,N1_1,R6_8,CAR,432.0
57000,2025-10-27 15:50:00,N1_1,R6_8,TRUCK,12.0
57000,2025-10-27 15:50:00,R7_1,N5_3,CAR,888.0
57000,2025-10-27 15:50:00,R7_1,N5_3,TRUCK,36.0
57300,2025-10-27 15:55:00,N1_1,N5_3,CAR,1320.0
57300,2025-10-27 15:55:00,N1_1,N5_3,TRUCK,408.0
57300,2025-10-27 15:55:00,N1_1,R6_8,CAR,252.0
57300,2025-10-27 15:55:00,N1_1,R6_8,TRUCK,12.0
57300,2025-10-27 15:55:00,R7_1,N5_3,CAR,1056.0
57300,2025-10-27 15:55:00,R7_1,N5_3,TRUCK,84.0
57600,2025-10-27 16:00:00,N1_1,N5_3,CAR,1248.0
57600,2025-10-27 16:00:00,N1_1,N5_3,TRUCK,384.0
57600,2025-10-27 16:00:00,N1_1,R6_8,CAR,336.0
57600,2025-10-27 16:00:00,N1_1,R6_8,TRUCK,0.0
57600,2025-10-27 16:00:00,R7_1,N5_3,CAR,1128.0
57600,2025-10-27 16:00:00,R7_1,N5_3,TRUCK,24.0
57900,2025-10-27 16:05:00,N1_1,N5_3,CAR,1656.0
57900,2025-10-27 16:05:00,N1_1,N5_3,TRUCK,324.0
57900,2025-10-27 16:05:00,N1_1,R6_8,CAR,348.0
57900,2025-10-27 16:05:00,N1_1,R6_8,TRUCK,24.0
57900,2025-10-27 16:05:00,R7_1,N5_3,CAR,1140.0
57900,2025-10-27 16:05:00,R7_1,N5_3,TRUCK,24.0
58200,2025-10-27 16:10:00,N1_1,N5_3,CAR,1800.0
58200,2025-10-27 16:10:00,N1_1,N5_3,TRUCK,252.0
58200,2025-10-27 16:10:00,N1_1,R6_8,CAR,444.0
58200,2025-10-27 16:10:00,N1_1,R6_8,TRUCK,12.0
58200,2025-10-27 16:10:00,R7_1,N5_3,CAR,1080.0
58200,2025-10-27 16:10:00,R7_1,N5_3,TRUCK,36.0
58500,2025-10-27 16:15:00,N1_1,N5_3,CAR,1476.0
58500,2025-10-27 16:15:00,N1_1,N5_3,TRUCK,252.0
58500,2025-10-27 16:15:00,N1_1,R6_8,CAR,480.0
58500,2025-10-27 16:15:00,N1_1,R6_8,TRUCK,36.0
58500,2025-10-27 16:15:00,R7_1,N5_3,CAR,1032.0
58500,2025-10-27 16:15:00,R7_1,N5_3,TRUCK,48.0
58800,2025-10-27 16:20:00,N1_1,N5_3,CAR,1560.0
58800,2025-10-27 16:20:00,N1_1,N5_3,TRUCK,336.0
58800,2025-10-27 16:20:00,N1_1,R6_8,CAR,372.0
58800,2025-10-27 16:20:00,N1_1,R6_8,TRUCK,36.0
58800,2025-10-27 16:20:00,R7_1,N5_3,CAR,1056.0
58800,2025-10-27 16:20:00,R7_1,N5_3,TRUCK,48.0
59100,2025-10-27 16:25:00,N1_1,N5_3,CAR,1752.0
59100,2025-10-27 16:25:00,N1_1,N5_3,TRUCK,312.0
59100,2025-10-27 16:25:00,N1_1,R6_8,CAR,420.0
59100,2025-10-27 16:25:00,N1_1,R6_8,TRUCK,48.0
59100,2025-10-27 16:25:00,R7_1,N5_3,CAR,1092.0
59100,2025-10-27 16:25:00,R7_1,N5_3,TRUCK,48.0
59400,2025-10-27 16:30:00,N1_1,N5_3,CAR,1524.0
59400,2025-10-27 16:30:00,N1_1,N5_3,TRUCK,312.0
59400,2025-10-27 16:30:00,N1_1,R6_8,CAR,384.0
59400,2025-10-27 16:30:00,N1_1,R6_8,TRUCK,48.0
59400,2025-10-27 16:30:00,R7_1,N5_3,CAR,1032.0
59400,2025-10-27 16:30:00,R7_1,N5_3,TRUCK,24.0
59700,2025-10-27 16:35:00,N1_1,N5_3,CAR,1560.0
59700,2025-10-27 16:35:00,N1_1,N5_3,TRUCK,384.0
59700,2025-10-27 16:35:00,N1_1,R6_8,CAR,456.0
59700,2025-10-27 16:35:00,N1_1,R6_8,TRUCK,0.0
59700,2025-10-27 16:35:00,R7_1,N5_3,CAR,888.0
59700,2025-10-27 16:35:00,R7_1,N5_3,TRUCK,36.0
60000,2025-10-27 16:40:00,N1_1,N5_3,CAR,1644.0
60000,2025-10-27 16:40:00,N1_1,N5_3,TRUCK,228.0
60000,2025-10-27 16:40:00,N1_1,R6_8,CAR,348.0
60000,2025-10-27 16:40:00,N1_1,R6_8,TRUCK,24.0
60000,2025-10-27 16:40:00,R7_1,N5_3,CAR,1284.0
60000,2025-10-27 16:40:00,R7_1,N5_3,TRUCK,60.0
60300,2025-10-27 16:45:00,N1_1,N5_3,CAR,1740.0
60300,2025-10-27 16:45:00,N1_1,N5_3,TRUCK,396.0
60300,2025-10-27 16:45:00,N1_1,R6_8,CAR,384.0
60300,2025-10-27 16:45:00,N1_1,R6_8,TRUCK,36.0
60300,2025-10-27 16:45:00,R7_1,N5_3,CAR,1128.0
60300,2025-10-27 16:45:00,R7_1,N5_3,TRUCK,36.0
60600,2025-10-27 16:50:00,N1_1,N5_3,CAR,1764.0
60600,2025-10-27 16:50:00,N1_1,N5_3,TRUCK,288.0
60600,2025-10-27 16:50:00,N1_1,R6_8,CAR,312.0
60600,2025-10-27 16:50:00,N1_1,R6_8,TRUCK,12.0
60600,2025-10-27 16:50:00,R7_1,N5_3,CAR,1020.0
60600,2025-10-27 16:50:00,R7_1,N5_3,TRUCK,72.0
60900,2025-10-27 16:55:00,N1_1,N5_3,CAR,1596.0
60900,2025-10-27 16:55:00,N1_1,N5_3,TRUCK,276.0
60900,2025-10-27 16:55:00,N1_1,R6_8,CAR,432.0
60900,2025-10-27 16:55:00,N1_1,R6_8,TRUCK,12.0
60900,2025-10-27 16:55:00,R7_1,N5_3,CAR,948.0
60900,2025-10-27 16:55:00,R7_1,N5_3,TRUCK,96.0
61200,2025-10-27 17:00:00,N1_1,N5_3,CAR,996.0
61200,2025-10-27 17:00:00,N1_1,N5_3,TRUCK,336.0
61200,2025-10-27 17:00:00,N1_1,R6_8,CAR,348.0
61200,2025-10-27 17:00:00,N1_1,R6_8,TRUCK,0.0
61200,2025-10-27 17:00:00,R7_1,N5_3,CAR,660.0
61200,2025-10-27 17:00:00,R7_1,N5_3,TRUCK,12.0
61500,2025-10-27 17:05:00,N1_1,N5_3,CAR,1704.0
61500,2025-10-27 17:05:00,N1_1,N5_3,TRUCK,288.0
61500,2025-10-27 17:05:00,N1_1,R6_8,CAR,372.0
61500,2025-10-27 17:05:00,N1_1,R6_8,TRUCK,0.0
61500,2025-10-27 17:05:00,R7_1,N5_3,CAR,960.0
61500,2025-10-27 17:05:00,R7_1,N5_3,TRUCK,84.0
61800,2025-10-27 17:10:00,N1_1,N5_3,CAR,1860.0
61800,2025-10-27 17:10:00,N1_1,N5_3,TRUCK,276.0
61800,2025-10-27 17:10:00,N1_1,R6_8,CAR,456.0
61800,2025-10-27 17:10:00,N1_1,R6_8,TRUCK,12.0
61800,2025-10-27 17:10:00,R7_1,N5_3,CAR,1092.0
61800,2025-10-27 17:10:00,R7_1,N5_3,TRUCK,48.0
62100,2025-10-27 17:15:00,N1_1,N5_3,CAR,1752.0
62100,2025-10-27 17:15:00,N1_1,N5_3,TRUCK,288.0
62100,2025-10-27 17:15:00,N1_1,R6_8,CAR,540.0
62100,2025-10-27 17:15:00,N1_1,R6_8,TRUCK,12.0
62100,2025-10-27 17:15:00,R7_1,N5_3,CAR,1032.0
62100,2025-10-27 17:15:00,R7_1,N5_3,TRUCK,36.0
62400,2025-10-27 17:20:00,N1_1,N5_3,CAR,1692.0
62400,2025-10-27 17:20:00,N1_1,N5_3,TRUCK,312.0
62400,2025-10-27 17:20:00,N1_1,R6_8,CAR,372.0
62400,2025-10-27 17:20:00,N1_1,R6_8,TRUCK,24.0
62400,2025-10-27 17:20:00,R7_1,N5_3,CAR,864.0
62400,2025-10-27 17:20:00,R7_1,N5_3,TRUCK,72.0
62700,2025-10-27 17:25:00,N1_1,N5_3,CAR,1548.0
62700,2025-10-27 17:25:00,N1_1,N5_3,TRUCK,348.0
62700,2025-10-27 17:25:00,N1_1,R6_8,CAR,648.0
62700,2025-10-27 17:25:00,N1_1,R6_8,TRUCK,24.0
62700,2025-10-27 17:25:00,R7_1,N5_3,CAR,924.0
62700,2025-10-27 17:25:00,R7_1,N5_3,TRUCK,36.0
63000,2025-10-27 17:30:00,N1_1,N5_3,CAR,1692.0
63000,2025-10-27 17:30:00,N1_1,N5_3,TRUCK,216.0
63000,2025-10-27 17:30:00,N1_1,R6_8,CAR,324.0
63000,2025-10-27 17:30:00,N1_1,R6_8,TRUCK,0.0
63000,2025-10-27 17:30:00,R7_1,N5_3,CAR,936.0
63000,2025-10-27 17:30:00,R7_1,N5_3,TRUCK,24.0
63300,2025-10-27 17:35:00,N1_1,N5_3,CAR,1680.0
63300,2025-10-27 17:35:00,N1_1,N5_3,TRUCK,228.0
63300,2025-10-27 17:35:00,N1_1,R6_8,CAR,456.0
63300,2025-10-27 17:35:00,N1_1,R6_8,TRUCK,12.0
63300,2025-10-27 17:35:00,R7_1,N5_3,CAR,840.0
63300,2025-10-27 17:35:00,R7_1,N5_3,TRUCK,60.0
63600,2025-10-27 17:40:00,N1_1,N5_3,CAR,1656.0
63600,2025-10-27 17:40:00,N1_1,N5_3,TRUCK,324.0
63600,2025-10-27 17:40:00,N1_1,R6_8,CAR,468.0
63600,2025-10-27 17:40:00,N1_1,R6_8,TRUCK,12.0
63600,2025-10-27 17:40:00,R7_1,N5_3,CAR,576.0
63600,2025-10-27 17:40:00,R7_1,N5_3,TRUCK,36.0
63900,2025-10-27 17:45:00,N1_1,N5_3,CAR,2136.0
63900,2025-10-27 17:45:00,N1_1,N5_3,TRUCK,252.0
63900,2025-10-27 17:45:00,N1_1,R6_8,CAR,552.0
63900,2025-10-27 17:45:00,N1_1,R6_8,TRUCK,12.0
63900,2025-10-27 17:45:00,R7_1,N5_3,CAR,840.0
63900,2025-10-27 17:45:00,R7_1,N5_3,TRUCK,48.0
64200,2025-10-27 17:50:00,N1_1,N5_3,CAR,1536.0
64200,2025-10-27 17:50:00,N1_1,N5_3,TRUCK,312.0
64200,2025-10-27 17:50:00,N1_1,R6_8,CAR,384.0
64200,2025-10-27 17:50:00,N1_1,R6_8,TRUCK,36.0
64200,2025-10-27 17:50:00,R7_1,N5_3,CAR,720.0
64200,2025-10-27 17:50:00,R7_1,N5_3,TRUCK,24.0
64500,2025-10-27 17:55:00,N1_1,N5_3,CAR,1344.0
64500,2025-10-27 17:55:00,N1_1,N5_3,TRUCK,228.0
64500,2025-10-27 17:55:00,N1_1,R6_8,CAR,228.0
64500,2025-10-27 17:55:00,N1_1,R6_8,TRUCK,24.0
64500,2025-10-27 17:55:00,R7_1,N5_3,CAR,696.0
64500,2025-10-27 17:55:00,R7_1,N5_3,TRUCK,12.0
64800,2025-10-27 18:00:00,N1_1,N5_3,CAR,1608.0
64800,2025-10-27 18:00:00,N1_1,N5_3,TRUCK,324.0
64800,2025-10-27 18:00:00,N1_1,R6_8,CAR,348.0
64800,2025-10-27 18:00:00,N1_1,R6_8,TRUCK,12.0
64800,2025-10-27 18:00:00,R7_1,N5_3,CAR,636.0
64800,2025-10-27 18:00:00,R7_1,N5_3,TRUCK,48.0
65100,2025-10-27 18:05:00,N1_1,N5_3,CAR,1308.0
65100,2025-10-27 18:05:00,N1_1,N5_3,TRUCK,228.0
65100,2025-10-27 18:05:00,N1_1,R6_8,CAR,276.0
65100,2025-10-27 18:05:00,N1_1,R6_8,TRUCK,24.0
65100,2025-10-27 18:05:00,R7_1,N5_3,CAR,600.0
65100,2025-10-27 18:05:00,R7_1,N5_3,TRUCK,48.0
65400,2025-10-27 18:10:00,N1_1,N5_3,CAR,1200.0
65400,2025-10-27 18:10:00,N1_1,N5_3,TRUCK,288.0
65400,2025-10-27 18:10:00,N1_1,R6_8,CAR,264.0
65400,2025-10-27 18:10:00,N1_1,R6_8,TRUCK,12.0
65400,2025-10-27 18:10:00,R7_1,N5_3,CAR,660.0
65400,2025-10-27 18:10:00,R7_1,N5_3,TRUCK,72.0
65700,2025-10-27 18:15:00,N1_1,N5_3,CAR,1596.0
65700,2025-10-27 18:15:00,N1_1,N5_3,TRUCK,276.0
65700,2025-10-27 18:15:00,N1_1,R6_8,CAR,300.0
65700,2025-10-27 18:15:00,N1_1,R6_8,TRUCK,0.0
65700,2025-10-27 18:15:00,R7_1,N5_3,CAR,684.0
65700,2025-10-27 18:15:00,R7_1,N5_3,TRUCK,24.0
66000,2025-10-27 18:20:00,N1_1,N5_3,CAR,1308.0
66000,2025-10-27 18:20:00,N1_1,N5_3,TRUCK,324.0
66000,2025-10-27 18:20:00,N1_1,R6_8,CAR,324.0
66000,2025-10-27 18:20:00,N1_1,R6_8,TRUCK,12.0
66000,2025-10-27 18:20:00,R7_1,N5_3,CAR,528.0
66000,2025-10-27 18:20:00,R7_1,N5_3,TRUCK,12.0
66300,2025-10-27 18:25:00,N1_1,N5_3,CAR,1464.0
66300,2025-10-27 18:25:00,N1_1,N5_3,TRUCK,192.0
66300,2025-10-27 18:25:00,N1_1,R6_8,CAR,324.0
66300,2025-10-27 18:25:00,N1_1,R6_8,TRUCK,24.0
66300,2025-10-27 18:25:00,R7_1,N5_3,CAR,576.0
66300,2025-10-27 18:25:00,R7_1,N5_3,TRUCK,12.0
66600,2025-10-27 18:30:00,N1_1,N5_3,CAR,1356.0
66600,2025-10-27 18:30:00,N1_1,N5_3,TRUCK,288.0
66600,2025-10-27 18:30:00,N1_1,R6_8,CAR,396.0
66600,2025-10-27 18:30:00,N1_1,R6_8,TRUCK,0.0
66600,2025-10-27 18:30:00,R7_1,N5_3,CAR,612.0
66600,2025-10-27 18:30:00,R7_1,N5_3,TRUCK,24.0
66900,2025-10-27 18:35:00,N1_1,N5_3,CAR,1008.0
66900,2025-10-27 18:35:00,N1_1,N5_3,TRUCK,156.0
66900,2025-10-27 18:35:00,N1_1,R6_8,CAR,276.0
66900,2025-10-27 18:35:00,N1_1,R6_8,TRUCK,12.0
66900,2025-10-27 18:35:00,R7_1,N5_3,CAR,600.0
66900,2025-10-27 18:35:00,R7_1,N5_3,TRUCK,36.0
67200,2025-10-27 18:40:00,N1_1,N5_3,CAR,1092.0
67200,2025-10-27 18:40:00,N1_1,N5_3,TRUCK,228.0
67200,2025-10-27 18:40:00,N1_1,R6_8,CAR,264.0
67200,2025-10-27 18:40:00,N1_1,R6_8,TRUCK,0.0
67200,2025-10-27 18:40:00,R7_1,N5_3,CAR,432.0
67200,2025-10-27 18:40:00,R7_1,N5_3,TRUCK,12.0
67500,2025-10-27 18:45:00,N1_1,N5_3,CAR,1284.0
67500,2025-10-27 18:45:00,N1_1,N5_3,TRUCK,312.0
67500,2025-10-27 18:45:00,N1_1,R6_8,CAR,276.0
67500,2025-10-27 18:45:00,N1_1,R6_8,TRUCK,12.0
67500,2025-10-27 18:45:00,R7_1,N5_3,CAR,432.0
67500,2025-10-27 18:45:00,R7_1,N5_3,TRUCK,12.0
67800,2025-10-27 18:50:00,N1_1,N5_3,CAR,1176.0
67800,2025-10-27 18:50:00,N1_1,N5_3,TRUCK,240.0
67800,2025-10-27 18:50:00,N1_1,R6_8,CAR,264.0
67800,2025-10-27 18:50:00,N1_1,R6_8,TRUCK,0.0
67800,2025-10-27 18:50:00,R7_1,N5_3,CAR,480.0
67800,2025-10-27 18:50:00,R7_1,N5_3,TRUCK,12.0
68100,2025-10-27 18:55:00,N1_1,N5_3,CAR,816.0
68100,2025-10-27 18:55:00,N1_1,N5_3,TRUCK,240.0
68100,2025-10-27 18:55:00,N1_1,R6_8,CAR,300.0
68100,2025-10-27 18:55:00,N1_1,R6_8,TRUCK,0.0
68100,2025-10-27 18:55:00,R7_1,N5_3,CAR,360.0
68100,2025-10-27 18:55:00,R7_1,N5_3,TRUCK,24.0
68400,2025-10-27 19:00:00,N1_1,N5_3,CAR,816.0
68400,2025-10-27 19:00:00,N1_1,N5_3,TRUCK,144.0
68400,2025-10-27 19:00:00,N1_1,R6_8,CAR,204.0
68400,2025-10-27 19:00:00,N1_1,R6_8,TRUCK,0.0
68400,2025-10-27 19:00:00,R7_1,N5_3,CAR,252.0
68400,2025-10-27 19:00:00,R7_1,N5_3,TRUCK,24.0
68700,2025-10-27 19:05:00,N1_1,N5_3,CAR,888.0
68700,2025-10-27 19:05:00,N1_1,N5_3,TRUCK,156.0
68700,2025-10-27 19:05:00,N1_1,R6_8,CAR,216.0
68700,2025-10-27 19:05:00,N1_1,R6_8,TRUCK,0.0
68700,2025-10-27 19:05:00,R7_1,N5_3,CAR,360.0
68700,2025-10-27 19:05:00,R7_1,N5_3,TRUCK,24.0
69000,2025-10-27 19:10:00,N1_1,N5_3,CAR,984.0
69000,2025-10-27 19:10:00,N1_1,N5_3,TRUCK,228.0
69000,2025-10-27 19:10:00,N1_1,R6_8,CAR,192.0
69000,2025-10-27 19:10:00,N1_1,R6_8,TRUCK,0.0
69000,2025-10-27 19:10:00,R7_1,N5_3,CAR,396.0
69000,2025-10-27 19:10:00,R7_1,N5_3,TRUCK,24.0
69300,2025-10-27 19:15:00,N1_1,N5_3,CAR,780.0
69300,2025-10-27 19:15:00,N1_1,N5_3,TRUCK,192.0
69300,2025-10-27 19:15:00,N1_1,R6_8,CAR,180.0
69300,2025-10-27 19:15:00,N1_1,R6_8,TRUCK,0.0
69300,2025-10-27 19:15:00,R7_1,N5_3,CAR,336.0
69300,2025-10-27 19:15:00,R7_1,N5_3,TRUCK,12.0
69600,2025-10-27 19:20:00,N1_1,N5_3,CAR,972.0
69600,2025-10-27 19:20:00,N1_1,N5_3,TRUCK,192.0
69600,2025-10-27 19:20:00,N1_1,R6_8,CAR,168.0
69600,2025-10-27 19:20:00,N1_1,R6_8,TRUCK,0.0
69600,2025-10-27 19:20:00,R7_1,N5_3,CAR,324.0
69600,2025-10-27 19:20:00,R7_1,N5_3,TRUCK,12.0
69900,2025-10-27 19:25:00,N1_1,N5_3,CAR,840.0
69900,2025-10-27 19:25:00,N1_1,N5_3,TRUCK,252.0
69900,2025-10-27 19:25:00,N1_1,R6_8,CAR,228.0
69900,2025-10-27 19:25:00,N1_1,R6_8,TRUCK,0.0
69900,2025-10-27 19:25:00,R7_1,N5_3,CAR,324.0
69900,2025-10-27 19:25:00,R7_1,N5_3,TRUCK,0.0
70200,2025-10-27 19:30:00,N1_1,N5_3,CAR,840.0
70200,2025-10-27 19:30:00,N1_1,N5_3,TRUCK,120.0
70200,2025-10-27 19:30:00,N1_1,R6_8,CAR,252.0
70200,2025-10-27 19:30:00,N1_1,R6_8,TRUCK,0.0
70200,2025-10-27 19:30:00,R7_1,N5_3,CAR,204.0
70200,2025-10-27 19:30:00,R7_1,N5_3,TRUCK,12.0
70500,2025-10-27 19:35:00,N1_1,N5_3,CAR,1008.0
70500,2025-10-27 19:35:00,N1_1,N5_3,TRUCK,180.0
70500,2025-10-27 19:35:00,N1_1,R6_8,CAR,168.0
70500,2025-10-27 19:35:00,N1_1,R6_8,TRUCK,0.0
70500,2025-10-27 19:35:00,R7_1,N5_3,CAR,312.0
70500,2025-10-27 19:35:00,R7_1,N5_3,TRUCK,12.0
70800,2025-10-27 19:40:00,N1_1,N5_3,CAR,984.0
70800,2025-10-27 19:40:00,N1_1,N5_3,TRUCK,192.0
70800,2025-10-27 19:40:00,N1_1,R6_8,CAR,132.0
70800,2025-10-27 19:40:00,N1_1,R6_8,TRUCK,0.0
70800,2025-10-27 19:40:00,R7_1,N5_3,CAR,96.0
70800,2025-10-27 19:40:00,R7_1,N5_3,TRUCK,12.0
71100,2025-10-27 19:45:00,N1_1,N5_3,CAR,552.0
71100,2025-10-27 19:45:00,N1_1,N5_3,TRUCK,84.0
71100,2025-10-27 19:45:00,N1_1,R6_8,CAR,228.0
71100,2025-10-27 19:45:00,N1_1,R6_8,TRUCK,12.0
71100,2025-10-27 19:45:00,R7_1,N5_3,CAR,228.0
71100,2025-10-27 19:45:00,R7_1,N5_3,TRUCK,24.0
71400,2025-10-27 19:50:00,N1_1,N5_3,CAR,600.0
71400,2025-10-27 19:50:00,N1_1,N5_3,TRUCK,144.0
71400,2025-10-27 19:50:00,N1_1,R6_8,CAR,204.0
71400,2025-10-27 19:50:00,N1_1,R6_8,TRUCK,12.0
71400,2025-10-27 19:50:00,R7_1,N5_3,CAR,156.0
71400,2025-10-27 19:50:00,R7_1,N5_3,TRUCK,36.0
71700,2025-10-27 19:55:00,N1_1,N5_3,CAR,888.0
71700,2025-10-27 19:55:00,N1_1,N5_3,TRUCK,264.0
71700,2025-10-27 19:55:00,N1_1,R6_8,CAR,48.0
71700,2025-10-27 19:55:00,N1_1,R6_8,TRUCK,0.0
71700,2025-10-27 19:55:00,R7_1,N5_3,CAR,168.0
71700,2025-10-27 19:55:00,R7_1,N5_3,TRUCK,24.0
72000,2025-10-27 20:00:00,N1_1,N5_3,CAR,384.0
72000,2025-10-27 20:00:00,N1_1,N5_3,TRUCK,108.0
72000,2025-10-27 20:00:00,N1_1,R6_8,CAR,132.0
72000,2025-10-27 20:00:00,N1_1,R6_8,TRUCK,0.0
72000,2025-10-27 20:00:00,R7_1,N5_3,CAR,180.0
72000,2025-10-27 20:00:00,R7_1,N5_3,TRUCK,0.0
72300,2025-10-27 20:05:00,N1_1,N5_3,CAR,456.0
72300,2025-10-27 20:05:00,N1_1,N5_3,TRUCK,96.0
72300,2025-10-27 20:05:00,N1_1,R6_8,CAR,132.0
72300,2025-10-27 20:05:00,N1_1,R6_8,TRUCK,0.0
72300,2025-10-27 20:05:00,R7_1,N5_3,CAR,168.0
72300,2025-10-27 20:05:00,R7_1,N5_3,TRUCK,12.0
72600,2025-10-27 20:10:00,N1_1,N5_3,CAR,588.0
72600,2025-10-27 20:10:00,N1_1,N5_3,TRUCK,120.0
72600,2025-10-27 20:10:00,N1_1,R6_8,CAR,144.0
72600,2025-10-27 20:10:00,N1_1,R6_8,TRUCK,0.0
72600,2025-10-27 20:10:00,R7_1,N5_3,CAR,300.0
72600,2025-10-27 20:10:00,R7_1,N5_3,TRUCK,12.0
72900,2025-10-27 20:15:00,N1_1,N5_3,CAR,516.0
72900,2025-10-27 20:15:00,N1_1,N5_3,TRUCK,108.0
72900,2025-10-27 20:15:00,N1_1,R6_8,CAR,120.0
72900,2025-10-27 20:15:00,N1_1,R6_8,TRUCK,0.0
72900,2025-10-27 20:15:00,R7_1,N5_3,CAR,264.0
72900,2025-10-27 20:15:00,R7_1,N5_3,TRUCK,12.0
73200,2025-10-27 20:20:00,N1_1,N5_3,CAR,516.0
73200,2025-10-27 20:20:00,N1_1,N5_3,TRUCK,96.0
73200,2025-10-27 20:20:00,N1_1,R6_8,CAR,156.0
73200,2025-10-27 20:20:00,N1_1,R6_8,TRUCK,0.0
73200,2025-10-27 20:20:00,R7_1,N5_3,CAR,192.0
73200,2025-10-27 20:20:00,R7_1,N5_3,TRUCK,12.0
73500,2025-10-27 20:25:00,N1_1,N5_3,CAR,408.0
73500,2025-10-27 20:25:00,N1_1,N5_3,TRUCK,120.0
73500,2025-10-27 20:25:00,N1_1,R6_8,CAR,144.0
73500,2025-10-27 20:25:00,N1_1,R6_8,TRUCK,0.0
73500,2025-10-27 20:25:00,R7_1,N5_3,CAR,216.0
73500,2025-10-27 20:25:00,R7_1,N5_3,TRUCK,72.0
73800,2025-10-27 20:30:00,N1_1,N5_3,CAR,552.0
73800,2025-10-27 20:30:00,N1_1,N5_3,TRUCK,144.0
73800,2025-10-27 20:30:00,N1_1,R6_8,CAR,132.0
73800,2025-10-27 20:30:00,N1_1,R6_8,TRUCK,0.0
73800,2025-10-27 20:30:00,R7_1,N5_3,CAR,264.0
73800,2025-10-27 20:30:00,R7_1,N5_3,TRUCK,24.0
74100,2025-10-27 20:35:00,N1_1,N5_3,CAR,372.0
74100,2025-10-27 20:35:00,N1_1,N5_3,TRUCK,72.0
74100,2025-10-27 20:35:00,N1_1,R6_8,CAR,48.0
74100,2025-10-27 20:35:00,N1_1,R6_8,TRUCK,12.0
74100,2025-10-27 20:35:00,R7_1,N5_3,CAR,252.0
74100,2025-10-27 20:35:00,R7_1,N5_3,TRUCK,24.0
74400,2025-10-27 20:40:00,N1_1,N5_3,CAR,468.0
74400,2025-10-27 20:40:00,N1_1,N5_3,TRUCK,108.0
74400,2025-10-27 20:40:00,N1_1,R6_8,CAR,36.0
74400,2025-10-27 20:40:00,N1_1,R6_8,TRUCK,0.0
74400,2025-10-27 20:40:00,R7_1,N5_3,CAR,180.0
74400,2025-10-27 20:40:00,R7_1,N5_3,TRUCK,0.0
74700,2025-10-27 20:45:00,N1_1,N5_3,CAR,444.0
74700,2025-10-27 20:45:00,N1_1,N5_3,TRUCK,96.0
74700,2025-10-27 20:45:00,N1_1,R6_8,CAR,156.0
74700,2025-10-27 20:45:00,N1_1,R6_8,TRUCK,0.0
74700,2025-10-27 20:45:00,R7_1,N5_3,CAR,180.0
74700,2025-10-27 20:45:00,R7_1,N5_3,TRUCK,0.0
75000,2025-10-27 20:50:00,N1_1,N5_3,CAR,540.0
75000,2025-10-27 20:50:00,N1_1,N5_3,TRUCK,96.0
75000,2025-10-27 20:50:00,N1_1,R6_8,CAR,144.0
75000,2025-10-27 20:50:00,N1_1,R6_8,TRUCK,0.0
75000,2025-10-27 20:50:00,R7_1,N5_3,CAR,216.0
75000,2025-10-27 20:50:00,R7_1,N5_3,TRUCK,24.0
75300,2025-10-27 20:55:00,N1_1,N5_3,CAR,456.0
75300,2025-10-27 20:55:00,N1_1,N5_3,TRUCK,72.0
75300,2025-10-27 20:55:00,N1_1,R6_8,CAR,108.0
75300,2025-10-27 20:55:00,N1_1,R6_8,TRUCK,0.0
75300,2025-10-27 20:55:00,R7_1,N5_3,CAR,192.0
75300,2025-10-27 20:55:00,R7_1,N5_3,TRUCK,0.0
75600,2025-10-27 21:00:00,N1_1,N5_3,CAR,324.0
75600,2025-10-27 21:00:00,N1_1,N5_3,TRUCK,60.0
75600,2025-10-27 21:00:00,N1_1,R6_8,CAR,132.0
75600,2025-10-27 21:00:00,N1_1,R6_8,TRUCK,0.0
75600,2025-10-27 21:00:00,R7_1,N5_3,CAR,192.0
75600,2025-10-27 21:00:00,R7_1,N5_3,TRUCK,0.0
75900,2025-10-27 21:05:00,N1_1,N5_3,CAR,492.0
75900,2025-10-27 21:05:00,N1_1,N5_3,TRUCK,120.0
75900,2025-10-27 21:05:00,N1_1,R6_8,CAR,0.0
75900,2025-10-27 21:05:00,N1_1,R6_8,TRUCK,12.0
75900,2025-10-27 21:05:00,R7_1,N5_3,CAR,264.0
75900,2025-10-27 21:05:00,R7_1,N5_3,TRUCK,24.0
76200,2025-10-27 21:10:00,N1_1,N5_3,CAR,660.0
76200,2025-10-27 21:10:00,N1_1,N5_3,TRUCK,72.0
76200,2025-10-27 21:10:00,N1_1,R6_8,CAR,108.0
76200,2025-10-27 21:10:00,N1_1,R6_8,TRUCK,0.0
76200,2025-10-27 21:10:00,R7_1,N5_3,CAR,372.0
76200,2025-10-27 21:10:00,R7_1,N5_3,TRUCK,0.0
76500,2025-10-27 21:15:00,N1_1,N5_3,CAR,540.0
76500,2025-10-27 21:15:00,N1_1,N5_3,TRUCK,48.0
76500,2025-10-27 21:15:00,N1_1,R6_8,CAR,84.0
76500,2025-10-27 21:15:00,N1_1,R6_8,TRUCK,0.0
76500,2025-10-27 21:15:00,R7_1,N5_3,CAR,168.0
76500,2025-10-27 21:15:00,R7_1,N5_3,TRUCK,24.0
76800,2025-10-27 21:20:00,N1_1,N5_3,CAR,240.0
76800,2025-10-27 21:20:00,N1_1,N5_3,TRUCK,72.0
76800,2025-10-27 21:20:00,N1_1,R6_8,CAR,96.0
76800,2025-10-27 21:20:00,N1_1,R6_8,TRUCK,0.0
76800,2025-10-27 21:20:00,R7_1,N5_3,CAR,228.0
76800,2025-10-27 21:20:00,R7_1,N5_3,TRUCK,24.0
77100,2025-10-27 21:25:00,N1_1,N5_3,CAR,384.0
77100,2025-10-27 21:25:00,N1_1,N5_3,TRUCK,96.0
77100,2025-10-27 21:25:00,N1_1,R6_8,CAR,72.0
77100,2025-10-27 21:25:00,N1_1,R6_8,TRUCK,0.0
77100,2025-10-27 21:25:00,R7_1,N5_3,CAR,180.0
77100,2025-10-27 21:25:00,R7_1,N5_3,TRUCK,36.0
77400,2025-10-27 21:30:00,N1_1,N5_3,CAR,456.0
77400,2025-10-27 21:30:00,N1_1,N5_3,TRUCK,84.0
77400,2025-10-27 21:30:00,N1_1,R6_8,CAR,0.0
77400,2025-10-27 21:30:00,N1_1,R6_8,TRUCK,0.0
77400,2025-10-27 21:30:00,R7_1,N5_3,CAR,192.0
77400,2025-10-27 21:30:00,R7_1,N5_3,TRUCK,12.0
77700,2025-10-27 21:35:00,N1_1,N5_3,CAR,324.0
77700,2025-10-27 21:35:00,N1_1,N5_3,TRUCK,72.0
77700,2025-10-27 21:35:00,N1_1,R6_8,CAR,48.0
77700,2025-10-27 21:35:00,N1_1,R6_8,TRUCK,0.0
77700,2025-10-27 21:35:00,R7_1,N5_3,CAR,216.0
77700,2025-10-27 21:35:00,R7_1,N5_3,TRUCK,0.0
78000,2025-10-27 21:40:00,N1_1,N5_3,CAR,360.0
78000,2025-10-27 21:40:00,N1_1,N5_3,TRUCK,48.0
78000,2025-10-27 21:40:00,N1_1,R6_8,CAR,108.0
78000,2025-10-27 21:40:00,N1_1,R6_8,TRUCK,0.0
78000,2025-10-27 21:40:00,R7_1,N5_3,CAR,96.0
78000,2025-10-27 21:40:00,R7_1,N5_3,TRUCK,24.0
78300,2025-10-27 21:45:00,N1_1,N5_3,CAR,432.0
78300,2025-10-27 21:45:00,N1_1,N5_3,TRUCK,72.0
78300,2025-10-27 21:45:00,N1_1,R6_8,CAR,96.0
78300,2025-10-27 21:45:00,N1_1,R6_8,TRUCK,0.0
78300,2025-10-27 21:45:00,R7_1,N5_3,CAR,168.0
78300,2025-10-27 21:45:00,R7_1,N5_3,TRUCK,0.0
78600,2025-10-27 21:50:00,N1_1,N5_3,CAR,372.0
78600,2025-10-27 21:50:00,N1_1,N5_3,TRUCK,48.0
78600,2025-10-27 21:50:00,N1_1,R6_8,CAR,96.0
78600,2025-10-27 21:50:00,N1_1,R6_8,TRUCK,0.0
78600,2025-10-27 21:50:00,R7_1,N5_3,CAR,108.0
78600,2025-10-27 21:50:00,R7_1,N5_3,TRUCK,0.0
78900,2025-10-27 21:55:00,N1_1,N5_3,CAR,360.0
78900,2025-10-27 21:55:00,N1_1,N5_3,TRUCK,108.0
78900,2025-10-27 21:55:00,N1_1,R6_8,CAR,96.0
78900,2025-10-27 21:55:00,N1_1,R6_8,TRUCK,0.0
78900,2025-10-27 21:55:00,R7_1,N5_3,CAR,192.0
78900,2025-10-27 21:55:00,R7_1,N5_3,TRUCK,0.0
79200,2025-10-27 22:00:00,N1_1,N5_3,CAR,324.0
79200,2025-10-27 22:00:00,N1_1,N5_3,TRUCK,48.0
79200,2025-10-27 22:00:00,N1_1,R6_8,CAR,96.0
79200,2025-10-27 22:00:00,N1_1,R6_8,TRUCK,0.0
79200,2025-10-27 22:00:00,R7_1,N5_3,CAR,180.0
79200,2025-10-27 22:00:00,R7_1,N5_3,TRUCK,12.0
79500,2025-10-27 22:05:00,N1_1,N5_3,CAR,360.0
79500,2025-10-27 22:05:00,N1_1,N5_3,TRUCK,108.0
79500,2025-10-27 22:05:00,N1_1,R6_8,CAR,72.0
79500,2025-10-27 22:05:00,N1_1,R6_8,TRUCK,0.0
79500,2025-10-27 22:05:00,R7_1,N5_3,CAR,192.0
79500,2025-10-27 22:05:00,R7_1,N5_3,TRUCK,0.0
79800,2025-10-27 22:10:00,N1_1,N5_3,CAR,396.0
79800,2025-10-27 22:10:00,N1_1,N5_3,TRUCK,24.0
79800,2025-10-27 22:10:00,N1_1,R6_8,CAR,108.0
79800,2025-10-27 22:10:00,N1_1,R6_8,TRUCK,0.0
79800,2025-10-27 22:10:00,R7_1,N5_3,CAR,228.0
79800,2025-10-27 22:10:00,R7_1,N5_3,TRUCK,12.0
80100,2025-10-27 22:15:00,N1_1,N5_3,CAR,360.0
80100,2025-10-27 22:15:00,N1_1,N5_3,TRUCK,48.0
80100,2025-10-27 22:15:00,N1_1,R6_8,CAR,96.0
80100,2025-10-27 22:15:00,N1_1,R6_8,TRUCK,0.0
80100,2025-10-27 22:15:00,R7_1,N5_3,CAR,228.0
80100,2025-10-27 22:15:00,R7_1,N5_3,TRUCK,24.0
80400,2025-10-27 22:20:00,N1_1,N5_3,CAR,396.0
80400,2025-10-27 22:20:00,N1_1,N5_3,TRUCK,108.0
80400,2025-10-27 22:20:00,N1_1,R6_8,CAR,72.0
80400,2025-10-27 22:20:00,N1_1,R6_8,TRUCK,12.0
80400,2025-10-27 22:20:00,R7_1,N5_3,CAR,204.0
80400,2025-10-27 22:20:00,R7_1,N5_3,TRUCK,12.0
80700,2025-10-27 22:25:00,N1_1,N5_3,CAR,324.0
80700,2025-10-27 22:25:00,N1_1,N5_3,TRUCK,156.0
80700,2025-10-27 22:25:00,N1_1,R6_8,CAR,60.0
80700,2025-10-27 22:25:00,N1_1,R6_8,TRUCK,0.0
80700,2025-10-27 22:25:00,R7_1,N5_3,CAR,180.0
80700,2025-10-27 22:25:00,R7_1,N5_3,TRUCK,0.0
81000,2025-10-27 22:30:00,N1_1,N5_3,CAR,252.0
81000,2025-10-27 22:30:00,N1_1,N5_3,TRUCK,108.0
81000,2025-10-27 22:30:00,N1_1,R6_8,CAR,48.0
81000,2025-10-27 22:30:00,N1_1,R6_8,TRUCK,0.0
81000,2025-10-27 22:30:00,R7_1,N5_3,CAR,156.0
81000,2025-10-27 22:30:00,R7_1,N5_3,TRUCK,0.0
81300,2025-10-27 22:35:00,N1_1,N5_3,CAR,432.0
81300,2025-10-27 22:35:00,N1_1,N5_3,TRUCK,36.0
81300,2025-10-27 22:35:00,N1_1,R6_8,CAR,48.0
81300,2025-10-27 22:35:00,N1_1,R6_8,TRUCK,0.0
81300,2025-10-27 22:35:00,R7_1,N5_3,CAR,168.0
81300,2025-10-27 22:35:00,R7_1,N5_3,TRUCK,12.0
81600,2025-10-27 22:40:00,N1_1,N5_3,CAR,300.0
81600,2025-10-27 22:40:00,N1_1,N5_3,TRUCK,84.0
81600,2025-10-27 22:40:00,N1_1,R6_8,CAR,24.0
81600,2025-10-27 22:40:00,N1_1,R6_8,TRUCK,0.0
81600,2025-10-27 22:40:00,R7_1,N5_3,CAR,96.0
81600,2025-10-27 22:40:00,R7_1,N5_3,TRUCK,0.0
81900,2025-10-27 22:45:00,N1_1,N5_3,CAR,240.0
81900,2025-10-27 22:45:00,N1_1,N5_3,TRUCK,60.0
81900,2025-10-27 22:45:00,N1_1,R6_8,CAR,60.0
81900,2025-10-27 22:45:00,N1_1,R6_8,TRUCK,0.0
81900,2025-10-27 22:45:00,R7_1,N5_3,CAR,96.0
81900,2025-10-27 22:45:00,R7_1,N5_3,TRUCK,12.0
82200,2025-10-27 22:50:00,N1_1,N5_3,CAR,288.0
82200,2025-10-27 22:50:00,N1_1,N5_3,TRUCK,72.0
82200,2025-10-27 22:50:00,N1_1,R6_8,CAR,48.0
82200,2025-10-27 22:50:00,N1_1,R6_8,TRUCK,0.0
82200,2025-10-27 22:50:00,R7_1,N5_3,CAR,108.0
82200,2025-10-27 22:50:00,R7_1,N5_3,TRUCK,24.0
82500,2025-10-27 22:55:00,N1_1,N5_3,CAR,336.0
82500,2025-10-27 22:55:00,N1_1,N5_3,TRUCK,48.0
82500,2025-10-27 22:55:00,N1_1,R6_8,CAR,36.0
82500,2025-10-27 22:55:00,N1_1,R6_8,TRUCK,0.0
82500,2025-10-27 22:55:00,R7_1,N5_3,CAR,240.0
82500,2025-10-27 22:55:00,R7_1,N5_3,TRUCK,36.0
82800,2025-10-27 23:00:00,N1_1,N5_3,CAR,108.0
82800,2025-10-27 23:00:00,N1_1,N5_3,TRUCK,24.0
82800,2025-10-27 23:00:00,N1_1,R6_8,CAR,48.0
82800,2025-10-27 23:00:00,N1_1,R6_8,TRUCK,0.0
82800,2025-10-27 23:00:00,R7_1,N5_3,CAR,156.0
82800,2025-10-27 23:00:00,R7_1,N5_3,TRUCK,36.0
83100,2025-10-27 23:05:00,N1_1,N5_3,CAR,192.0
83100,2025-10-27 23:05:00,N1_1,N5_3,TRUCK,48.0
83100,2025-10-27 23:05:00,N1_1,R6_8,CAR,36.0
83100,2025-10-27 23:05:00,N1_1,R6_8,TRUCK,12.0
83100,2025-10-27 23:05:00,R7_1,N5_3,CAR,216.0
83100,2025-10-27 23:05:00,R7_1,N5_3,TRUCK,12.0
83400,2025-10-27 23:10:00,N1_1,N5_3,CAR,120.0
83400,2025-10-27 23:10:00,N1_1,N5_3,TRUCK,60.0
83400,2025-10-27 23:10:00,N1_1,R6_8,CAR,12.0
83400,2025-10-27 23:10:00,N1_1,R6_8,TRUCK,0.0
83400,2025-10-27 23:10:00,R7_1,N5_3,CAR,132.0
83400,2025-10-27 23:10:00,R7_1,N5_3,TRUCK,0.0
83700,2025-10-27 23:15:00,N1_1,N5_3,CAR,228.0
83700,2025-10-27 23:15:00,N1_1,N5_3,TRUCK,60.0
83700,2025-10-27 23:15:00,N1_1,R6_8,CAR,60.0
83700,2025-10-27 23:15:00,N1_1,R6_8,TRUCK,0.0
83700,2025-10-27 23:15:00,R7_1,N5_3,CAR,60.0
83700,2025-10-27 23:15:00,R7_1,N5_3,TRUCK,0.0
84000,2025-10-27 23:20:00,N1_1,N5_3,CAR,264.0
84000,2025-10-27 23:20:00,N1_1,N5_3,TRUCK,48.0
84000,2025-10-27 23:20:00,N1_1,R6_8,CAR,12.0
84000,2025-10-27 23:20:00,N1_1,R6_8,TRUCK,0.0
84000,2025-10-27 23:20:00,R7_1,N5_3,CAR,144.0
84000,2025-10-27 23:20:00,R7_1,N5_3,TRUCK,24.0
84300,2025-10-27 23:25:00,N1_1,N5_3,CAR,240.0
84300,2025-10-27 23:25:00,N1_1,N5_3,TRUCK,48.0
84300,2025-10-27 23:25:00,N1_1,R6_8,CAR,60.0
84300,2025-10-27 23:25:00,N1_1,R6_8,TRUCK,0.0
84300,2025-10-27 23:25:00,R7_1,N5_3,CAR,180.0
84300,2025-10-27 23:25:00,R7_1,N5_3,TRUCK,12.0
84600,2025-10-27 23:30:00,N1_1,N5_3,CAR,216.0
84600,2025-10-27 23:30:00,N1_1,N5_3,TRUCK,72.0
84600,2025-10-27 23:30:00,N1_1,R6_8,CAR,60.0
84600,2025-10-27 23:30:00,N1_1,R6_8,TRUCK,0.0
84600,2025-10-27 23:30:00,R7_1,N5_3,CAR,156.0
84600,2025-10-27 23:30:00,R7_1,N5_3,TRUCK,0.0
84900,2025-10-27 23:35:00,N1_1,N5_3,CAR,132.0
84900,2025-10-27 23:35:00,N1_1,N5_3,TRUCK,60.0
84900,2025-10-27 23:35:00,N1_1,R6_8,CAR,48.0
84900,2025-10-27 23:35:00,N1_1,R6_8,TRUCK,12.0
84900,2025-10-27 23:35:00,R7_1,N5_3,CAR,108.0
84900,2025-10-27 23:35:00,R7_1,N5_3,TRUCK,12.0
85200,2025-10-27 23:40:00,N1_1,N5_3,CAR,156.0
85200,2025-10-27 23:40:00,N1_1,N5_3,TRUCK,96.0
85200,2025-10-27 23:40:00,N1_1,R6_8,CAR,12.0
85200,2025-10-27 23:40:00,N1_1,R6_8,TRUCK,0.0
85200,2025-10-27 23:40:00,R7_1,N5_3,CAR,48.0
85200,2025-10-27 23:40:00,R7_1,N5_3,TRUCK,24.0
85500,2025-10-27 23:45:00,N1_1,N5_3,CAR,156.0
85500,2025-10-27 23:45:00,N1_1,N5_3,TRUCK,24.0
85500,2025-10-27 23:45:00,N1_1,R6_8,CAR,48.0
85500,2025-10-27 23:45:00,N1_1,R6_8,TRUCK,0.0
85500,2025-10-27 23:45:00,R7_1,N5_3,CAR,84.0
85500,2025-10-27 23:45:00,R7_1,N5_3,TRUCK,0.0
85800,2025-10-27 23:50:00,N1_1,N5_3,CAR,216.0
85800,2025-10-27 23:50:00,N1_1,N5_3,TRUCK,60.0
85800,2025-10-27 23:50:00,N1_1,R6_8,CAR,12.0
85800,2025-10-27 23:50:00,N1_1,R6_8,TRUCK,12.0
85800,2025-10-27 23:50:00,R7_1,N5_3,CAR,96.0
85800,2025-10-27 23:50:00,R7_1,N5_3,TRUCK,12.0
86100,2025-10-27 23:55:00,N1_1,N5_3,CAR,300.0
86100,2025-10-27 23:55:00,N1_1,N5_3,TRUCK,0.0
86100,2025-10-27 23:55:00,N1_1,R6_8,CAR,0.0
86100,2025-10-27 23:55:00,N1_1,R6_8,TRUCK,0.0
86100,2025-10-27 23:55:00,R7_1,N5_3,CAR,120.0
86100,2025-10-27 23:55:00,R7_1,N5_3,TRUCK,0.0
