date,comb,damp,found,q_dis,v_jam,jam,q_pre,sg,still,merges,T_car_truck
2025-09-22,settled,0.9,False,,,,,9.623046276432731,221,3310,1.10/1.40
2025-09-22,settled,0.9,True,3116.0,56.75146226726755,20.0,2792.0,7.867543447627995,189,3350,1.10/1.40
2025-09-22,settled,0.9,False,,,,,7.050147492625369,177,3295,1.10/1.40
2025-09-22,settled,0.9,True,3280.0,36.428559237282016,35.0,2900.0,6.101601325234677,172,3327,1.10/1.40
2025-09-22,settled,0.9,True,3524.0,38.41821201456189,20.0,3104.0,5.444126074498568,158,3407,1.10/1.40
2025-09-22,settled,0.9,True,3230.0,23.515755603747863,35.0,3128.0,6.380483227773868,179,3350,1.10/1.40
2025-09-22,settled,0.9,True,3059.3684210526317,22.794160479688273,100.0,2908.0,12.415844684515422,355,3573,1.10/1.40
2025-09-22,settled,0.95,False,,,,,7.215104517869183,164,3275,1.10/1.40
2025-09-22,settled,0.95,False,,,,,6.1534138803034555,156,3283,1.10/1.40
2025-09-22,settled,0.95,False,,,,,6.695699510070767,181,3289,1.10/1.40
2025-09-22,settled,0.95,True,3403.2,52.26022582661581,30.0,2900.0,5.750071164247082,169,3303,1.10/1.40
2025-09-22,settled,0.95,True,3438.0,34.566891701954304,25.0,3112.0,6.065052580092932,172,3393,1.10/1.40
2025-09-22,settled,0.95,True,3363.0,54.372260979301956,25.0,3132.0,4.705231109880986,146,3303,1.10/1.40
2025-09-22,settled,0.95,True,3432.0,33.38953619831839,25.0,3160.0,4.586466165413534,139,3367,1.10/1.40
2025-09-22,settled,1.0,False,,,,,8.161083392729864,171,3302,1.10/1.40
2025-09-22,settled,1.0,False,,,,,6.733091787439613,169,3258,1.10/1.40
2025-09-22,settled,1.0,True,3075.0,53.92915839931757,25.0,2652.0,10.897435897435898,255,3306,1.10/1.40
2025-09-22,settled,1.0,True,3142.6666666666665,31.841034856284093,50.0,2900.0,13.537227375282027,301,3338,1.10/1.40
2025-09-22,settled,1.0,True,2545.2,26.264482499496275,55.0,3104.0,22.80736487824193,611,3509,1.10/1.40
2025-09-22,settled,1.0,True,3308.0,55.547701732948724,20.0,3400.0,5.877506179620983,176,3284,1.10/1.40
2025-09-22,settled,1.0,True,3236.0,32.7761409911231,65.0,2908.0,9.403669724770642,266,3461,1.10/1.40
2025-09-22,longer,0.9,True,2898.0,19.470656239202,95.0,3212.0,13.7597503900156,360,3654,1.20/1.50
2025-09-22,longer,0.9,True,2120.8571428571427,11.77855075849738,215.0,2792.0,61.34623564440663,1849,3907,1.20/1.50
2025-09-22,longer,0.9,True,2528.4545454545455,16.687925876152146,225.0,2620.0,37.295518342851615,1310,3906,1.20/1.50
2025-09-22,longer,0.9,True,3175.5,31.193858716532198,45.0,2944.0,4.382978723404255,151,3327,1.20/1.50
2025-09-22,longer,0.9,True,3344.0,39.03041934663162,35.0,3156.0,4.520990312163617,143,3495,1.20/1.50
2025-09-22,longer,0.9,True,3247.5,26.8127762375194,45.0,2992.0,4.051565377532229,143,3395,1.20/1.50
2025-09-22,longer,0.9,True,2734.5,19.756840179847096,45.0,3136.0,12.470308788598574,344,3530,1.20/1.50
2025-09-22,longer,0.95,True,3254.4,35.07304448428988,30.0,3212.0,4.245175936435868,142,3390,1.20/1.50
2025-09-22,longer,0.95,True,3292.8,58.05513645044812,30.0,2792.0,6.201395812562313,179,3393,1.20/1.50
2025-09-22,longer,0.95,True,3332.0,57.89539008256136,20.0,3028.0,4.88599348534202,173,3321,1.20/1.50
2025-09-22,longer,0.95,True,3272.0,29.120834602744832,35.0,2940.0,4.4575471698113205,151,3306,1.20/1.50
2025-09-22,longer,0.95,True,3342.0,46.59097729935902,35.0,3160.0,5.112435133576783,176,3446,1.20/1.50
2025-09-22,longer,0.95,True,3222.8571428571427,26.43136201974962,40.0,3096.0,4.627806222922411,165,3395,1.20/1.50
2025-09-22,longer,0.95,True,3248.5714285714284,32.196637996549306,40.0,3132.0,5.2050763288578255,149,3423,1.20/1.50
2025-09-22,longer,1.0,True,3267.4285714285716,27.701212863023972,40.0,2816.0,5.473179241168775,152,3465,1.20/1.50
2025-09-22,longer,1.0,True,3112.0,45.95779244656399,20.0,2788.0,6.028439815742039,176,3359,1.20/1.50
2025-09-22,longer,1.0,False,,,,,5.006986492780624,171,3330,1.20/1.50
2025-09-22,longer,1.0,True,2561.6,17.809833217092,155.0,2940.0,34.57038621210215,927,3677,1.20/1.50
2025-09-22,longer,1.0,True,2926.285714285714,25.095292482118584,110.0,3156.0,16.05218377765173,422,3683,1.20/1.50
2025-09-22,longer,1.0,True,3230.0,19.770619881576664,35.0,3120.0,5.320328086898693,150,3382,1.20/1.50
2025-09-22,longer,1.0,True,3308.0,41.09946906839138,35.0,3132.0,5.087094220110847,147,3395,1.20/1.50
2025-10-07,settled,0.9,True,3121.0434782608695,22.130999410320534,120.0,2904.0,8.23960880195599,310,4076,1.10/1.40
2025-10-07,settled,0.9,True,2671.813953488372,24.11402605541595,220.0,2924.0,31.20273012359343,1430,4190,1.10/1.40
2025-10-07,settled,0.9,True,2751.8571428571427,22.69891930126618,145.0,3048.0,19.77834612105712,909,4142,1.10/1.40
2025-10-07,settled,0.9,True,2886.0,21.017403613811446,195.0,2780.0,18.03985437823338,910,4293,1.10/1.40
2025-10-07,settled,0.9,True,2857.714285714286,19.05624019845909,180.0,3204.0,17.67676767676768,821,4200,1.10/1.40
2025-10-07,settled,0.9,True,2847.2,18.55603561833637,155.0,3224.0,18.593278535011965,828,4163,1.10/1.40
2025-10-07,settled,0.9,True,2871.891891891892,19.413137492201404,190.0,3312.0,19.372392526754943,796,4432,1.10/1.40
2025-10-07,settled,0.95,True,3312.0,56.47892358423769,20.0,3128.0,5.5013927576601676,179,3772,1.10/1.40
2025-10-07,settled,0.95,True,3063.230769230769,21.009708422527464,135.0,2956.0,11.393452310601583,441,3990,1.10/1.40
2025-10-07,settled,0.95,True,2572.235294117647,25.571551710300795,175.0,3052.0,30.4225645295587,1495,4146,1.10/1.40
2025-10-07,settled,0.95,True,2714.88,23.08831806907979,130.0,3108.0,19.167123287671235,977,4181,1.10/1.40
2025-10-07,settled,0.95,True,2977.090909090909,21.59173284866661,170.0,3176.0,15.480498592681947,689,4172,1.10/1.40
2025-10-07,settled,0.95,True,3246.0,26.000073310903794,55.0,3220.0,4.087800222681724,169,3821,1.10/1.40
2025-10-07,settled,0.95,True,2886.0,21.068796737212413,195.0,3104.0,20.263452914798204,1034,4388,1.10/1.40
2025-10-07,settled,1.0,False,,,,,6.997389033942558,223,3724,1.10/1.40
2025-10-07,settled,1.0,True,3276.0,35.389804290373974,45.0,2952.0,4.610051993067591,170,3666,1.10/1.40
2025-10-07,settled,1.0,True,3069.5,22.39043329890717,125.0,3044.0,10.854246507602918,452,4041,1.10/1.40
2025-10-07,settled,1.0,True,2675.0526315789475,22.31879475924964,195.0,3124.0,30.155605549306337,1560,4283,1.10/1.40
2025-10-07,settled,1.0,True,2737.846153846154,22.713197150473544,135.0,3140.0,24.13867588292472,975,4094,1.10/1.40
2025-10-07,settled,1.0,True,3315.0,46.3956438971763,25.0,3228.0,5.236571813436605,181,3759,1.10/1.40
2025-10-07,settled,1.0,True,2854.769230769231,24.403569813156608,200.0,3096.0,23.756048571167717,1196,4406,1.10/1.40
2025-10-07,longer,0.9,True,2776.1052631578946,22.031739939175253,195.0,2872.0,18.39926402943882,705,4296,1.20/1.50
2025-10-07,longer,0.9,True,3058.6666666666665,22.033431663654778,140.0,2788.0,6.130820399113082,199,4041,1.20/1.50
2025-10-07,longer,0.9,True,2605.090909090909,18.02237001187951,225.0,3064.0,28.725868725868725,1047,4328,1.20/1.50
2025-10-07,longer,0.9,True,3020.25,18.529248362552405,165.0,2944.0,7.04351281541824,293,4249,1.20/1.50
2025-10-07,longer,0.9,True,2873.0,18.666638281904298,245.0,2372.0,14.317531021317212,623,4418,1.20/1.50
2025-10-07,longer,0.9,True,2849.230769230769,18.83259166795326,200.0,3008.0,13.57099801946095,564,4362,1.20/1.50
2025-10-07,longer,0.9,True,2433.84,18.36057741219075,255.0,2856.0,38.72909698996656,1621,4517,1.20/1.50
2025-10-07,longer,0.95,True,3162.0,18.445621371923973,65.0,3152.0,4.793149466192171,182,4120,1.20/1.50
2025-10-07,longer,0.95,True,2249.181818181818,11.905050860752523,225.0,2972.0,49.23639689071788,1711,4234,1.20/1.50
2025-10-07,longer,0.95,True,3090.5,17.72733732789817,125.0,3068.0,6.074498567335244,223,4034,1.20/1.50
2025-10-07,longer,0.95,True,3091.714285714286,21.952913051308563,145.0,2784.0,6.401215145926006,259,4146,1.20/1.50
2025-10-07,longer,0.95,True,3075.7241379310344,20.856336757419157,150.0,3200.0,6.656,262,4141,1.20/1.50
2025-10-07,longer,0.95,True,2551.1428571428573,16.880857419550242,215.0,3016.0,28.699855822237303,1239,4424,1.20/1.50
2025-10-07,longer,0.95,True,2849.0666666666666,22.397306004120647,230.0,2924.0,17.458017219333392,677,4503,1.20/1.50
2025-10-07,longer,1.0,True,3016.137931034483,22.063025796049647,150.0,2876.0,9.412965798876979,324,4197,1.20/1.50
2025-10-07,longer,1.0,True,2898.8571428571427,19.089069049663276,180.0,2972.0,15.500591249507293,610,4129,1.20/1.50
2025-10-07,longer,1.0,True,2912.7272727272725,19.180304730779,170.0,3068.0,14.975942261427425,499,4175,1.20/1.50
2025-10-07,longer,1.0,True,2727.512195121951,19.6005797388576,210.0,3124.0,23.75705455522709,931,4290,1.20/1.50
2025-10-07,longer,1.0,True,3212.5714285714284,20.213976041222914,110.0,3204.0,3.42489772063121,157,4013,1.20/1.50
2025-10-07,longer,1.0,True,3145.714285714286,20.733643960806212,110.0,3148.0,3.535176758837942,157,4097,1.20/1.50
2025-10-07,longer,1.0,True,3191.076923076923,19.729943522140974,135.0,2852.0,3.6981616075245833,158,4255,1.20/1.50
2025-10-27,settled,0.9,False,,,,,8.534370946822309,204,3956,1.10/1.40
2025-10-27,settled,0.9,False,,,,,6.619593998234776,175,3760,1.10/1.40
2025-10-27,settled,0.9,True,2874.0,25.33685379768219,55.0,2836.0,12.285714285714286,446,4032,1.10/1.40
2025-10-27,settled,0.9,False,,,,,9.921186833565136,277,3905,1.10/1.40
2025-10-27,settled,0.9,False,,,,,5.407861849579641,195,3865,1.10/1.40
2025-10-27,settled,0.9,True,2396.0,38.78255444779922,20.0,2548.0,14.093137254901961,358,3914,1.10/1.40
2025-10-27,settled,0.9,False,,,,,6.996668253212755,192,3885,1.10/1.40
2025-10-27,settled,0.95,True,2423.294117647059,22.088424942782027,90.0,2872.0,31.006900878293603,988,4200,1.10/1.40
2025-10-27,settled,0.95,False,,,,,6.472004816375677,180,3774,1.10/1.40
2025-10-27,settled,0.95,True,2872.5,26.40216114246995,45.0,2836.0,10.227936879018118,374,3986,1.10/1.40
2025-10-27,settled,0.95,True,2704.8,26.248015512728887,30.0,2912.0,13.941590279258154,333,3929,1.10/1.40
2025-10-27,settled,0.95,False,,,,,7.977071889180798,208,3864,1.10/1.40
2025-10-27,settled,0.95,True,2842.285714285714,21.895488827080058,110.0,2764.0,15.88149587178242,662,4275,1.10/1.40
2025-10-27,settled,0.95,False,,,,,6.7926333413059075,201,3906,1.10/1.40
2025-10-27,settled,1.0,True,2985.6,22.4741844760206,30.0,2788.0,12.80928399386906,354,4059,1.10/1.40
2025-10-27,settled,1.0,False,,,,,6.523136246786633,178,3774,1.10/1.40
2025-10-27,settled,1.0,True,2845.5,19.23250122048119,85.0,2836.0,16.81931723563697,573,4128,1.10/1.40
2025-10-27,settled,1.0,True,2552.0,52.89296278565669,20.0,2928.0,11.184857423795478,319,3908,1.10/1.40
2025-10-27,settled,1.0,False,,,,,8.36372477510333,204,3842,1.10/1.40
2025-10-27,settled,1.0,True,2835.4285714285716,24.467772709896956,40.0,2760.0,15.631568889738201,479,4056,1.10/1.40
2025-10-27,settled,1.0,True,2911.090909090909,20.961524466115467,115.0,3008.0,15.939872004762615,705,4406,1.10/1.40
2025-10-27,longer,0.9,False,,,,,7.435572454583861,187,4057,1.20/1.50
2025-10-27,longer,0.9,False,,,,,5.37818727233769,189,3834,1.20/1.50
2025-10-27,longer,0.9,False,,,,,6.348234333537457,189,3907,1.20/1.50
2025-10-27,longer,0.9,False,,,,,5.941005400914,197,3894,1.20/1.50
2025-10-27,longer,0.9,True,2728.0,58.19837832663732,20.0,3072.0,6.471777900349329,198,3947,1.20/1.50
2025-10-27,longer,0.9,True,2727.0,43.43975724080825,25.0,3028.0,11.122607346094155,328,4051,1.20/1.50
2025-10-27,longer,0.9,False,,,,,5.833487170020306,163,4020,1.20/1.50
2025-10-27,longer,0.95,True,2505.391304347826,14.416199811703589,120.0,3164.0,25.913297613248904,751,4406,1.20/1.50
2025-10-27,longer,0.95,True,2842.5882352941176,20.904883667375834,90.0,2940.0,13.028169014084506,427,4216,1.20/1.50
2025-10-27,longer,0.95,True,2860.3636363636365,24.431106969554012,60.0,2888.0,13.449092344119967,349,4161,1.20/1.50
2025-10-27,longer,0.95,False,,,,,6.695807669382078,228,4001,1.20/1.50
2025-10-27,longer,0.95,True,3037.5,26.602091486713757,45.0,2748.0,7.150153217568948,243,4094,1.20/1.50
2025-10-27,longer,0.95,True,2509.5789473684213,15.796512839283606,195.0,2972.0,34.04561331415656,1193,4560,1.20/1.50
2025-10-27,longer,0.95,True,2594.1,16.757638089358288,205.0,3004.0,27.84313725490196,1005,4649,1.20/1.50
2025-10-27,longer,1.0,True,2826.0,34.91087029571961,35.0,2560.0,13.426345352418917,452,4270,1.20/1.50
2025-10-27,longer,1.0,False,,,,,7.580309683383407,204,3837,1.20/1.50
2025-10-27,longer,1.0,True,2810.6666666666665,17.819942965572924,50.0,2936.0,10.982286634460547,324,4112,1.20/1.50
2025-10-27,longer,1.0,True,2706.0,32.786485114145464,25.0,2644.0,10.003961965134707,239,3948,1.20/1.50
2025-10-27,longer,1.0,False,,,,,6.374269005847953,193,4056,1.20/1.50
2025-10-27,longer,1.0,False,,,,,10.23063276167948,252,3987,1.20/1.50
2025-10-27,longer,1.0,False,,,,,6.069711538461538,178,3949,1.20/1.50
